,Title,Total Views,Upload Time,Duration,Subtitles,Link
0,"$456,000 Squid Game In Real Life!",293M views,10 months ago,25:42,CC,https://www.youtube.com/watch?v=0e3GPea1Tyg
1,I Spent 50 Hours Buried Alive,197M views,1 year ago,12:40,CC,https://www.youtube.com/watch?v=9bqk6ZUsKyA
2,I Spent 50 Hours In Solitary Confinement,195M views,2 years ago,15:52,CC,https://www.youtube.com/watch?v=r7zJ8srwwjk
3,"Last To Leave Circle Wins $500,000",194M views,1 year ago,19:26,CC,https://www.youtube.com/watch?v=zxYjTTXc-J8
4,"Press This Button To Win $100,000!",192M views,1 year ago,15:30,CC,https://www.youtube.com/watch?v=GLoeAJUcz38
5,Anything You Can Fit In The Circle I’ll Pay For,176M views,2 years ago,20:00,CC,https://www.youtube.com/watch?v=yXWw0_UfSFg
6,I Put 100 Million Orbeez In My Friend's Backyard,171M views,3 years ago,14:45,,https://www.youtube.com/watch?v=3TflpIllQHY
7,"Going Through The Same Drive Thru 1,000 Times",164M views,3 years ago,15:38,CC,https://www.youtube.com/watch?v=QxGVgXf_LNk
8,"Would You Sit In Snakes For $10,000?",162M views,1 year ago,14:09,CC,https://www.youtube.com/watch?v=fMfipiV_17o
9,"I Ate A $70,000 Golden Pizza",160M views,2 years ago,13:10,CC,https://www.youtube.com/watch?v=F4Y3Pkn95GI
10,Would YOU Rather Have A Lamborghini or This House?,156M views,2 years ago,18:22,CC,https://www.youtube.com/watch?v=s1ax8Tx_Jz0
11,"Last To Leave $800,000 Island Keeps It",153M views,2 years ago,22:17,CC,https://www.youtube.com/watch?v=NkE0AMGzpJY
12,"Would You Rather Have $100,000 OR This Mystery Key?",146M views,2 years ago,18:21,CC,https://www.youtube.com/watch?v=_qAJMXfL6o0
13,If You Click This Video I'll Give My Friend .001$,142M views,2 years ago,17:21,CC,https://www.youtube.com/watch?v=YSoJPA8-oHc
14,"I Bought The World's Largest Mystery Box! ($500,000)",141M views,1 year ago,11:49,CC,https://www.youtube.com/watch?v=ayXxwJJId_c
15,"I Bought The World's Largest Firework ($600,000)",139M views,2 years ago,12:16,CC,https://www.youtube.com/watch?v=erQ_9yEz0ls
16,I Adopted EVERY Dog In A Dog Shelter,139M views,2 years ago,16:04,CC,https://www.youtube.com/watch?v=YQDDm9HLkV4
17,I Ate The World’s Largest Slice Of Pizza,138M views,2 years ago,8:03,CC,https://www.youtube.com/watch?v=Rj_vssRaZlQ
18,World’s Most Dangerous Escape Room!,137M views,8 months ago,8:01,CC,https://www.youtube.com/watch?v=3jS_yEK8qVI
19,I Went Back To 1st Grade For A Day,136M views,3 years ago,17:46,,https://www.youtube.com/watch?v=A-vX1AGBGsc
20,"I Ate $100,000 Golden Ice Cream",136M views,1 year ago,13:17,CC,https://www.youtube.com/watch?v=C680oxL__ck
21,Surviving 24 Hours Straight In The Bermuda Triangle,129M views,2 years ago,11:41,CC,https://www.youtube.com/watch?v=D9lVNzyhYnc
22,"Steal This $100,000 Diamond, You Keep It",126M views,1 year ago,14:03,CC,https://www.youtube.com/watch?v=Dc2ZRmuH5OM
23,Surviving 24 Hours On A Deserted Island,122M views,3 years ago,13:52,CC,https://www.youtube.com/watch?v=lBYC4_Lccjw
24,Spending 24 Hours On Top Of A Mountain,122M views,3 years ago,15:24,,https://www.youtube.com/watch?v=2eFSU7TFOnk
25,I Spent 24 Hours In A Doomsday Bunker,122M views,2 years ago,11:59,CC,https://www.youtube.com/watch?v=HBMmK1c44sE
26,I Survived 50 Hours In A Maximum Security Prison,121M views,1 year ago,12:38,CC,https://www.youtube.com/watch?v=nM89Wl03Q4g
27,I Gave My Credit Card To Random People,120M views,2 years ago,16:48,CC,https://www.youtube.com/watch?v=IYVjOfoU3uI
28,I Filled My Brother’s House With Slime & Bought Him A New One,120M views,2 years ago,10:25,CC,https://www.youtube.com/watch?v=vp5sSqyZ5Go
29,I Opened A Restaurant That Pays You To Eat At It,119M views,1 year ago,10:47,CC,https://www.youtube.com/watch?v=dg2Ag3e8W-Q
30,"Spending $1,000,000 In 24 Hours",119M views,2 years ago,15:56,CC,https://www.youtube.com/watch?v=bs0SWXbty18
31,"I Gave People $1,000,000 But ONLY 1 Minute To Spend It!",113M views,1 year ago,14:20,CC,https://www.youtube.com/watch?v=LeYsRMZFUq0
32,"Extreme $100,000 Game of Tag!",113M views,1 year ago,16:54,CC,https://www.youtube.com/watch?v=WcwGleN38zE
33,"Last To Leave Pool Of $20,000 Keeps It",111M views,3 years ago,16:39,CC,https://www.youtube.com/watch?v=bTrV5v7GLcQ
34,I Bought Everything In A Store - Challenge,111M views,3 years ago,16:56,,https://www.youtube.com/watch?v=ha4tRQwKIUg
35,I Built Willy Wonka's Chocolate Factory!,111M views,4 months ago,17:02,CC,https://www.youtube.com/watch?v=Hwybp38GnZw
36,"I Gave My 40,000,000th Subscriber 40 Cars",110M views,2 years ago,17:11,CC,https://www.youtube.com/watch?v=UE5AHE2Ypr8
37,"Last To Leave Revolving Door Wins $50,000",110M views,3 years ago,13:44,,https://www.youtube.com/watch?v=6wsFjjhZPJI
38,"Hit The Target, Win $300,000",110M views,1 year ago,15:04,CC,https://www.youtube.com/watch?v=NZlClr_ivb4
39,World's Largest Bowl Of Cereal,109M views,3 years ago,15:42,,https://www.youtube.com/watch?v=xRwy_rKc7gI
40,I Got Hunted By A Real Bounty Hunter,108M views,1 year ago,14:21,CC,https://www.youtube.com/watch?v=TQHEJj68Jew
41,"Eating A $10,000 Golden Steak (24k Gold)",107M views,3 years ago,16:30,,https://www.youtube.com/watch?v=7zi0bi-RDj4
42,I Got Hunted By The FBI,107M views,1 year ago,15:51,CC,https://www.youtube.com/watch?v=hxwpkM5w3Cc
43,I Won Every Prize At A Theme Park,106M views,3 years ago,13:22,CC,https://www.youtube.com/watch?v=UQtltNZ_pjs
44,Do Water Repellent Shoes Actually Work?,104M views,4 years ago,11:39,,https://www.youtube.com/watch?v=wbzD04leeLI
45,Spending 24 Hours Straight Under Water Challenge,104M views,4 years ago,15:11,,https://www.youtube.com/watch?v=6_im_hGxGRk
46,Make This Video The Most Liked Video On Youtube,104M views,3 years ago,13:11,,https://www.youtube.com/watch?v=dBxOYE2j55U
47,"Would You Rather Have A Giant Diamond or $100,000?",103M views,2 years ago,13:25,CC,https://www.youtube.com/watch?v=Vl3swga-Xrk
48,"Last To Take Hand Off Lamborghini, Keeps It",103M views,11 months ago,15:43,CC,https://www.youtube.com/watch?v=qIsgdOVGA04
49,I Survived 24 Hours Straight In Ice,102M views,1 year ago,11:34,CC,https://www.youtube.com/watch?v=SZQhgExjBvQ
50,"$50,000 Game Of Extreme Hide And Seek - Challenge",102M views,2 years ago,15:03,CC,https://www.youtube.com/watch?v=X1jMMFOqxEw
51,"$10,000 Every Day You Survive Prison",100M views,6 months ago,13:59,CC,https://www.youtube.com/watch?v=hD1YtmKXNb4
52,I Spent 24 Hours Straight In Insane Asylum,100M views,3 years ago,15:56,,https://www.youtube.com/watch?v=nuM0Z4a7kMs
53,Surviving 24 Hours Straight In A Desert,100M views,3 years ago,14:04,,https://www.youtube.com/watch?v=Ooke4YZv8Ts
54,I Opened A Free Car Dealership,99M views,3 years ago,16:39,CC,https://www.youtube.com/watch?v=3LLnjRLrvLU
55,Things That SHOULDN'T Be Sold On Amazon,99M views,4 years ago,14:06,,https://www.youtube.com/watch?v=P4qWhSZ7_WA
56,I Sold My House For $1,99M views,1 year ago,9:20,CC,https://www.youtube.com/watch?v=vJH28ICkCdU
57,Spending 24 Hours In A City With No Laws,99M views,3 years ago,14:29,,https://www.youtube.com/watch?v=H1WBdh56Vq4
58,I Ordered Pizza And Tipped The House,96M views,2 years ago,13:02,CC,https://www.youtube.com/watch?v=sfv1QaRzJg8
59,"Offering People $100,000 To Quit Their Job",96M views,1 year ago,10:27,CC,https://www.youtube.com/watch?v=DuQbOQwVaNE
60,"Last To Take Hand Off $1,000,000 Keeps It",96M views,2 years ago,15:25,CC,https://www.youtube.com/watch?v=yeqARWqjkps
61,I Built The World's Largest Lego Tower,96M views,2 years ago,13:56,CC,https://www.youtube.com/watch?v=59AYXzCa-Cs
62,"Last To Fall Wins $1,000,000 (Part 1)",96M views,2 years ago,16:57,CC,https://www.youtube.com/watch?v=tQ4m4zD7BBA
63,I Bought Everything In 5 Stores,95M views,1 year ago,14:14,CC,https://www.youtube.com/watch?v=5Fg9oZk-5uA
64,Surprising TFue With A Fortnite Battle Bus In Real Life,95M views,3 years ago,14:25,,https://www.youtube.com/watch?v=e5DqdX-7_g4
65,Anything You Can Fit In The Triangle I’ll Pay For,95M views,1 year ago,16:08,CC,https://www.youtube.com/watch?v=E6E22XQPhhg
66,I Bought A Private Island,94M views,2 years ago,11:37,CC,https://www.youtube.com/watch?v=FbM1yi4mMMc
67,"Last To Leave VR Wins $20,000",94M views,3 years ago,14:18,,https://www.youtube.com/watch?v=RCvnytndd9c
68,"Last To Leave Roller Coaster Wins $20,000 - Challenge",94M views,3 years ago,15:17,CC,https://www.youtube.com/watch?v=gL6iSCSHjco
69,"I Donated $50,000 To Ninja - Fortnite",93M views,4 years ago,22:02,,https://www.youtube.com/watch?v=foLlul8Tl3E
70,Homeless Man Buys A Lamborghini,93M views,3 years ago,14:20,,https://www.youtube.com/watch?v=JTQcIR2ZxU4
71,"$60,000 Extreme Hide And Seek - Challenge",93M views,2 years ago,17:59,CC,https://www.youtube.com/watch?v=LdMx2U5tby0
72,"I Searched 100 Dumpsters, Here's What I Found",93M views,3 years ago,17:09,CC,https://www.youtube.com/watch?v=anFxsa5jXrE
73,"Last To Leave Slime Pit Wins $20,000 - Challenge",93M views,3 years ago,18:08,,https://www.youtube.com/watch?v=3ix_gbcubTo
74,I Spent 24 Hours Straight In Prison - Challenge,92M views,3 years ago,14:52,,https://www.youtube.com/watch?v=sESRuTyfsEk
75,Destroying My Friend's Car And Surprising Him With A New One - Slime,92M views,4 years ago,16:11,,https://www.youtube.com/watch?v=nd-bwvNB7YA
76,"Last To Stop Running Wins $20,000",92M views,3 years ago,14:58,,https://www.youtube.com/watch?v=AA-VpIj8F5Y
77,"Would You Swim With Sharks For $100,000?",92M views,6 months ago,9:01,CC,https://www.youtube.com/watch?v=LnlKwzc_TNA
78,I Broke Into A House,90M views,2 years ago,14:59,CC,https://www.youtube.com/watch?v=OAbP-V6fEVc
79,"If You Can Carry $1,000,000 You Keep It!",90M views,1 year ago,10:45,CC,https://www.youtube.com/watch?v=ktyJIj6i4Qw
80,I Put Millions Of Pennies In My Friends Backyard,89M views,3 years ago,14:41,,https://www.youtube.com/watch?v=Su34c5Z8DW4
81,I Spent 24 Hours Straight At Area 51,88M views,3 years ago,15:19,,https://www.youtube.com/watch?v=TOcGSwJBPMQ
82,I Got Hunted By The Military,87M views,10 months ago,11:02,CC,https://www.youtube.com/watch?v=QbJJwaVdgIs
83,"Lamborghini Race, Winner Keeps Lamborghini",86M views,2 years ago,15:23,CC,https://www.youtube.com/watch?v=KSKJKLmAqpI
84,"First To Rob Bank Wins $100,000",85M views,1 year ago,8:02,CC,https://www.youtube.com/watch?v=cExLQ1o2pDw
85,Surviving 24 Hours Straight In A Rain Forest,84M views,3 years ago,13:09,CC,https://www.youtube.com/watch?v=d1010B3sKNQ
86,"$70,000 Extreme Hide And Seek - Challenge",84M views,2 years ago,18:41,CC,https://www.youtube.com/watch?v=_mdKvblL_8s
87,World's Hottest Substance Vs Coldest Substance,83M views,4 years ago,11:52,,https://www.youtube.com/watch?v=qrIh-ZHN4-E
88,"100 Girls Vs 100 Boys For $500,000",82M views,2 months ago,16:53,CC,https://www.youtube.com/watch?v=tVWWp1PqDus
89,"Extreme $500,000 Game Of Tag!",82M views,1 year ago,12:40,CC,https://www.youtube.com/watch?v=uocETPj4Jx4
90,"Last To Leave Circle Wins $10,000 - Challenge",80M views,4 years ago,16:36,,https://www.youtube.com/watch?v=Gz3yak1cl-8
91,"Last To Leave The Tesla, Keeps It Challenge",80M views,3 years ago,18:29,,https://www.youtube.com/watch?v=i2O6GMpNWGo
92,I Ran A Marathon In The World's Largest Shoes,79M views,2 years ago,14:59,CC,https://www.youtube.com/watch?v=AiGKBNGlzHo
93,Videos I Could Not Upload...,78M views,2 years ago,13:32,CC,https://www.youtube.com/watch?v=gsWPpE4Rid0
94,"Last To Take Hand Off Boat, Keeps It",78M views,2 years ago,16:48,CC,https://www.youtube.com/watch?v=Ims5p6wjW9s
95,Destroying My Friend's Car And Surprising Him With A New One,78M views,3 years ago,14:53,,https://www.youtube.com/watch?v=0DaMUhgcAqo
96,"Surprising My Girlfriend With 100,000 Roses For Valentines Day",78M views,2 years ago,13:08,CC,https://www.youtube.com/watch?v=i6OUv48w1bk
97,I Went Back To Boy Scouts For A Day,78M views,2 years ago,13:38,CC,https://www.youtube.com/watch?v=oI6aXhowFDY
98,I Uber’d People And Let Them Keep The Car,77M views,1 year ago,14:11,CC,https://www.youtube.com/watch?v=IoZri9hq7z4
99,"Would YOU Quit School For $100,000?",76M views,1 year ago,11:34,CC,https://www.youtube.com/watch?v=urtFrxDUV6c
100,"Last Youtuber To Leave Wins $100,000 - Challenge",76M views,3 years ago,24:39,,https://www.youtube.com/watch?v=71VpdDb8e6U
101,"Anything You Can Carry, I'll Pay For Challenge",76M views,3 years ago,15:09,,https://www.youtube.com/watch?v=tYHTVjfShOA
102,"I Spent $1,000,000 On Lottery Tickets and WON",74M views,2 years ago,15:10,CC,https://www.youtube.com/watch?v=5V2B28OqfqM
103,"Extreme $1,000,000 Hide And Seek",74M views,9 months ago,12:09,CC,https://www.youtube.com/watch?v=00NgUctWoLQ
104,"I Gave My 100,000,000th Subscriber An Island",74M views,2 months ago,15:31,CC,https://www.youtube.com/watch?v=2isYuQZMbdU
105,I Opened A FREE BANK,74M views,2 years ago,10:52,CC,https://www.youtube.com/watch?v=ORUX1lHbOa8
106,"Last To Remove Hand, Gets Lamborghini Challenge",73M views,3 years ago,19:47,,https://www.youtube.com/watch?v=nywT2SenPIo
107,"Last to Stop Swinging Wins $1,000,000 (Part 2)",70M views,2 years ago,13:03,CC,https://www.youtube.com/watch?v=RwnN2FVaHmw
108,"Planting 20,000,000 Trees, My Biggest Project Ever!",70M views,2 years ago,7:23,CC,https://www.youtube.com/watch?v=HPJKxAhLw5I
109,24 Hours In The Most Haunted Place On Earth,69M views,3 years ago,15:07,,https://www.youtube.com/watch?v=YyhKdOCwD7s
110,I Cleaned The World’s Dirtiest Beach #TeamSeas,69M views,11 months ago,4:55,CC,https://www.youtube.com/watch?v=cV2gBU6hKfY
111,Hi Me In 5 Years,69M views,2 years ago,2:08,CC,https://www.youtube.com/watch?v=AKJfakEsgy0
112,Standing Still For 24 Hours Straight - Statue Challenge,69M views,3 years ago,18:16,,https://www.youtube.com/watch?v=I046_n20d3s
113,I Gave A Homeless Man A Home,69M views,3 years ago,13:22,,https://www.youtube.com/watch?v=9cCpZl8euLI
114,I Built A Working Car Using Only LEGOS,68M views,4 years ago,12:30,,https://www.youtube.com/watch?v=XE9pUM9MEFA
115,"Surprising Tfue With $10,000 Live - Fortnite",68M views,4 years ago,15:23,,https://www.youtube.com/watch?v=GUWGsIVEMSQ
116,Giant Monopoly Game With Real Money,67M views,3 years ago,15:43,,https://www.youtube.com/watch?v=2nd73lyvq4w
117,"I Gave Him One Hour To Spend $100,000!",67M views,3 years ago,13:50,,https://www.youtube.com/watch?v=L8nh1wuXTbI
118,Molten Lava Vs Giant Ice Block Experiment,67M views,3 years ago,7:38,,https://www.youtube.com/watch?v=HfJMs4mrSJM
119,"Donating $100,000 To Streamers With 0 Viewers",66M views,3 years ago,14:37,,https://www.youtube.com/watch?v=Y6jC6VaO3j0
120,Can A Glowing 1000 Degree Sword Slice A Car In Half?,65M views,4 years ago,10:13,,https://www.youtube.com/watch?v=q0OK-zHnvnA
121,"Going Around A Ferris Wheel 1,000 Times Straight",63M views,2 years ago,12:56,CC,https://www.youtube.com/watch?v=LU_xVr4b2qM
122,"I Put 1,000,000 Christmas Lights On A House (World Record)",62M views,1 year ago,11:22,CC,https://www.youtube.com/watch?v=f0c7pSCoZqE
123,Last To Take Hand Off House Keeps It!,62M views,3 years ago,17:30,,https://www.youtube.com/watch?v=XaxhLbxZ13k
124,I Opened The World's First FREE Store,61M views,3 years ago,14:51,,https://www.youtube.com/watch?v=n6qc4LHN2KQ
125,"Youtube Rewind 2020, Thank God It's Over",61M views,1 year ago,6:31,CC,https://www.youtube.com/watch?v=PKtnafFtfEo
126,"I Donated $25,000 To Random Kids Streaming Fortnite",61M views,4 years ago,17:37,,https://www.youtube.com/watch?v=qAW6CE7_bFM
127,I Built A Giant House Using Only Legos,59M views,3 years ago,13:49,,https://www.youtube.com/watch?v=9vB-48kHbBU
128,"$1,000,000 Influencer Tournament!",59M views,9 months ago,12:05,CC,https://www.youtube.com/watch?v=x9TQ6culXIA
129,"Last To Leave Toilet Wins $1,000,000 (Part 3)",57M views,2 years ago,15:46,CC,https://www.youtube.com/watch?v=NbaWrbJDr48
130,I Survived A Plane Crash,56M views,1 month ago,8:14,CC,https://www.youtube.com/watch?v=jdMNoQE3mIQ
131,World's Largest Game Of Dodgeball,55M views,3 years ago,11:17,,https://www.youtube.com/watch?v=UtnsWzaoRtg
132,"$300,000 Influencer Trivia Tournament!",55M views,Streamed 1 year ago,24:05,CC,https://www.youtube.com/watch?v=1V_03efSkg0
133,Surprising Strangers With 100 Zombies - Experiment,55M views,3 years ago,12:01,,https://www.youtube.com/watch?v=iUzi5JmJNWc
134,Tipping Waitresses With Real Gold Bars,54M views,3 years ago,13:32,,https://www.youtube.com/watch?v=Rmf6T_Ewt38
135,"I Gave My Brother 24 Hours To Spend $100,000",54M views,3 years ago,13:08,CC,https://www.youtube.com/watch?v=0NGWT9COcEI
136,I Didn’t Eat Food For 30 Days,54M views,3 months ago,13:04,CC,https://www.youtube.com/watch?v=vaIgyRoUkQI
137,"Giving $10,000 To Random People And Saying Nothing",53M views,3 years ago,15:59,,https://www.youtube.com/watch?v=xhIYirjB4Yc
138,"Giving 10,000 Presents To Kids For Christmas",53M views,2 years ago,13:48,CC,https://www.youtube.com/watch?v=Z9WQy9jEY8M
139,"Attempting The Impossible Maze - $10,000 Challenge",53M views,4 years ago,19:47,,https://www.youtube.com/watch?v=b91vrgVY-ZQ
140,Breaking Glass Using Only Megaphones,52M views,4 years ago,9:12,,https://www.youtube.com/watch?v=XKFKPQHdWRI
141,"Anything You Can Carry, I'll Pay For #2",52M views,3 years ago,13:59,CC,https://www.youtube.com/watch?v=npDey6_9YRs
142,I Put 10 Million Legos in Friend's House,51M views,3 years ago,15:17,,https://www.youtube.com/watch?v=q6Qw8mUVTrE
143,"Donating $100,000 To A Random Fortnite Streamer",50M views,4 years ago,23:02,,https://www.youtube.com/watch?v=52ubXjlVzUY
144,"We Drove 3,000 Miles For The World's Best Burger",50M views,4 years ago,15:26,,https://www.youtube.com/watch?v=MC5h-ShR-S8
145,Watching Dance Till You're Dead For 10 Hours,50M views,5 years ago,10:00:01,,https://www.youtube.com/watch?v=AS5CxLCWq-Q
146,Counting To 10000 In One Sitting,50M views,6 years ago,3:29:41,,https://www.youtube.com/watch?v=9Ax56oRhcZc
147,"Can 50,000 Magnets Catch A Cannon Ball?",49M views,3 years ago,9:29,,https://www.youtube.com/watch?v=ws694xrKopA
148,"Last To Leave Ramen Noodle Pool Wins $20,000",48M views,3 years ago,14:32,CC,https://www.youtube.com/watch?v=NS3hse9ezik
149,"Get This Random Person 1,000,000 Subscribers",48M views,2 years ago,14:05,CC,https://www.youtube.com/watch?v=oD155zWANQg
150,"If You Press This, I’ll Pay...",46M views,1 year ago,11:05,CC,https://www.youtube.com/watch?v=_uwNDiU04zE
151,"I Gave $20,000 To Random Homeless People",46M views,4 years ago,10:56,,https://www.youtube.com/watch?v=op0N7axawJA
152,"$200,000 Youtuber Battle Royale",46M views,3 years ago,26:24,,https://www.youtube.com/watch?v=ZV7rU6lnAKQ
153,Donating $10000 To Pewdiepie,45M views,3 years ago,15:15,,https://www.youtube.com/watch?v=QapO3maXd9k
154,"Survive 100 Days In Circle, Win $500,000",46M views,2 weeks ago,17:57,,https://www.youtube.com/watch?v=gHzuabZUd6c
155,"I Spent $100,000 On Lottery Tickets And Won!",45M views,2 years ago,15:10,CC,https://www.youtube.com/watch?v=jokVbbLqV_E
156,"$250,000 Influencer Rock, Paper, Scissors Tournament",44M views,Streamed 2 years ago,28:00,CC,https://www.youtube.com/watch?v=Ih2WTyY62J4
157,Moving 10 Pounds Using ONLY Sound,43M views,4 years ago,13:46,,https://www.youtube.com/watch?v=XHb7g6yuGgE
158,I Bought One Snickers Bar From Every Walmart,43M views,4 years ago,10:40,,https://www.youtube.com/watch?v=sirrTXiPFmw
159,100 Person Extreme Hide & Seek!,42M views,1 month ago,12:23,CC,https://www.youtube.com/watch?v=65fN_OUawjk
160,"Spending $40,000 In One Hour Challenge",42M views,3 years ago,14:03,,https://www.youtube.com/watch?v=1SwVSTKFCsc
161,"Last To Stop Riding Bike Wins $1,000,000 (Part 4)",42M views,2 years ago,11:45,CC,https://www.youtube.com/watch?v=wMuYiLby3-s
162,"Ordering Water Then Tipping $30,000",42M views,3 years ago,12:03,,https://www.youtube.com/watch?v=uE6gud1voDs
163,I Hope This Magic Trick Works,41M views,4 years ago,16:22,,https://www.youtube.com/watch?v=tBEBc4KQVsU
164,I Advertised Pewdiepie At The Super Bowl,41M views,3 years ago,12:45,,https://www.youtube.com/watch?v=qPBtTPJHS0Q
165,"2,256 Miles In One Uber Ride (World Record)",41M views,4 years ago,10:16,,https://www.youtube.com/watch?v=YR6Wh2Zy9jE
166,Destroyed Friend's House And Bought Him A New One,40M views,3 years ago,14:38,,https://www.youtube.com/watch?v=VqnQ-0q2gb4
167,I Spent 24 Hours Straight In Slime,39M views,4 years ago,14:38,,https://www.youtube.com/watch?v=9GD6hbqu2oM
168,I Opened The World’s Cheapest Store,39M views,3 years ago,15:19,,https://www.youtube.com/watch?v=IiW2smvEcBM
169,How Many Toy Cars Does It Take To Pull A Real Car?,39M views,4 years ago,11:48,,https://www.youtube.com/watch?v=d8pJkuSp1iI
170,"Donating $100,000 To Random Streamers",38M views,3 years ago,16:03,CC,https://www.youtube.com/watch?v=al6130OD1Ck
171,"Paying People $10,000 To Eat Ghost Pepper",38M views,3 years ago,14:46,,https://www.youtube.com/watch?v=fWcSBWadolA
172,"I Gave $200,000 To People Who Lost Their Jobs (Corona Virus)",37M views,2 years ago,15:19,CC,https://www.youtube.com/watch?v=5Hg_QSIJm8I
173,Destroying My Friend's Car And Surprising Him With A New One,37M views,4 years ago,15:12,,https://www.youtube.com/watch?v=Izmibu7dxcs
174,I Bought Every Billboard In My City For This,37M views,3 years ago,15:31,,https://www.youtube.com/watch?v=qZNxvnQv0h4
175,Fidget Spinner Vs Face (Legit Had To Get Stitches),37M views,5 years ago,7:07,,https://www.youtube.com/watch?v=8D3vI1615K4
176,"I Donated $30,000 To My Favorite Twitch Streamer (ninja)",36M views,4 years ago,11:17,,https://www.youtube.com/watch?v=yzGmnjDFuZE
177,I Bought An Expensive Car Using Only $1 Bills,36M views,4 years ago,10:29,,https://www.youtube.com/watch?v=l_huIWJBhJM
178,Why I Haven’t Been Uploading,36M views,2 years ago,6:22,CC,https://www.youtube.com/watch?v=TDiXxsQ0w2Q
179,How Many Rubber Bands Does It Take To Snap A Safe?,35M views,4 years ago,10:16,,https://www.youtube.com/watch?v=Ejou8aa5eZk
180,"You Pick The Right Cup, You Win $100,000!",35M views,3 years ago,17:35,,https://www.youtube.com/watch?v=xBP9EUQIkNs
181,I Bought An Abandoned Storage Unit And Found This..,34M views,4 years ago,12:09,,https://www.youtube.com/watch?v=yUXIx2l8kko
182,Returning Destroyed Rental Cars Prank,33M views,4 years ago,10:30,,https://www.youtube.com/watch?v=rH1D_3G56DY
183,Important Youtube Announcement (please watch),33M views,2 years ago,2:35,CC,https://www.youtube.com/watch?v=0hVZOJCYBBM
184,Playing Battleship With Real Ships,33M views,3 years ago,15:32,,https://www.youtube.com/watch?v=xpNeg0hPZIs
185,"I Donated $30,000 To A Random Twitch Streamer (world record)",32M views,4 years ago,18:26,,https://www.youtube.com/watch?v=g2rbhIB-ITM
186,I Flew Using Only Balloons AND Leaf Blowers,31M views,4 years ago,11:18,,https://www.youtube.com/watch?v=vETSAZgfDP4
187,"Reading The Longest English Word (190,000 Characters)",31M views,5 years ago,1:54:48,,https://www.youtube.com/watch?v=IZVbzNRUlQI
188,Walking Into Random Stores With 100 Dinosaurs,31M views,4 years ago,10:12,,https://www.youtube.com/watch?v=VwWV4JelEzY
189,"Donating $100,000 To Shroud In Real Life",31M views,3 years ago,14:14,,https://www.youtube.com/watch?v=9yrdFAJUSaU
190,Breaking The Law,31M views,5 years ago,3:57,,https://www.youtube.com/watch?v=Er6QUQZbv0w
191,"Giving $1,000,000 Of Food To People In Need",30M views,2 years ago,12:29,CC,https://www.youtube.com/watch?v=oBYbxw8f5OI
192,Winning A Game Of Fortnite In The Middle Of The Ocean,30M views,4 years ago,10:15,,https://www.youtube.com/watch?v=NZR4WEjpOQg
193,"I Spent $50,000 On Lottery Tickets And Won ____",30M views,3 years ago,16:54,,https://www.youtube.com/watch?v=f0M64XpmTz8
194,"Giving $100,000 To A Homeless Person",30M views,3 years ago,14:44,,https://www.youtube.com/watch?v=rPXmbM2UEbU
195,I Can't Believe I Found This Stuff On Amazon..,29M views,4 years ago,8:21,,https://www.youtube.com/watch?v=AS6WMS_Bemg
196,"20,000 Magnets Vs A Car",29M views,3 years ago,12:03,,https://www.youtube.com/watch?v=984NGLLYDUg
197,"Giving My Mom $100,000 (Proudest Day Of My Life)",29M views,4 years ago,12:25,,https://www.youtube.com/watch?v=93s1JECSy60
198,What Can You Cut With Paper?,28M views,4 years ago,10:02,,https://www.youtube.com/watch?v=N1KsSUG4Uoc
199,I Ubered Random People In A Tank,28M views,4 years ago,10:04,,https://www.youtube.com/watch?v=3iaDrpKdaIc
200,Rocket League In Real Life!,27M views,4 years ago,12:55,,https://www.youtube.com/watch?v=bFZdU9dr4OM
201,Donating Big Donations To Twitch Streamers!!!,27M views,4 years ago,19:21,,https://www.youtube.com/watch?v=nRkwuTOESCc
202,"Surprising My 8,000,000th Subscriber With 8,000,000 ___",27M views,4 years ago,18:52,,https://www.youtube.com/watch?v=UlUcwJc5nBs
203,Watching It's Everyday Bro For 10 Hours Straight,27M views,5 years ago,10:00:11,,https://www.youtube.com/watch?v=ZJwX2jTXWwQ
204,I Bought The World's Most Expensive Apps ($10k),26M views,4 years ago,10:44,,https://www.youtube.com/watch?v=7ALCsEyn3mg
205,Flat Earth PROVEN By Independent Research,26M views,4 years ago,11:52,,https://www.youtube.com/watch?v=RywkkwO78m8
206,"I Counted To 100,000!",26M views,5 years ago,23:48:06,,https://www.youtube.com/watch?v=xWcldHxHFpo
207,I Bought A Car Using Only Pennies,26M views,4 years ago,12:08,,https://www.youtube.com/watch?v=nLpqZEAFnkE
208,#1 MOST INSANE MAGNET LIFE HACK EVER,26M views,5 years ago,5:23,,https://www.youtube.com/watch?v=dEOlvTqYUNo
209,"Can 1,000 Rolls Of Duct Tape Stop A Car??",25M views,4 years ago,10:23,,https://www.youtube.com/watch?v=d7QmQtNwhcU
210,The Real Way Dinosaurs Went Extinct,25M views,4 years ago,5:51,,https://www.youtube.com/watch?v=mpZWt5pGKZ8
211,"Can 100,000 Pieces Of Paper Stop A Bullet?",25M views,4 years ago,12:39,,https://www.youtube.com/watch?v=ln9aLVd__8w
212,How Many Balloons Does It Take To Float?,25M views,4 years ago,11:01,,https://www.youtube.com/watch?v=8bYzXI7bb8k
213,BEST INTROS ON YOUTUBE #1,25M views,6 years ago,5:39,,https://www.youtube.com/watch?v=XW1TsAVdXsw
214,"Can 1,000 Fans At Max Speed Push A Car?",25M views,4 years ago,12:23,,https://www.youtube.com/watch?v=WRzIuC2MKOU
215,I Built A Mansion Using Only Cardboard Boxes,24M views,4 years ago,7:10,,https://www.youtube.com/watch?v=koRKIlRQj4g
216,We Are Better Than Dude Perfect,24M views,5 years ago,2:38,,https://www.youtube.com/watch?v=Lx9fRu5ehFo
217,"Giving My 10,000,000th Subscriber 10,000,000 ___",24M views,3 years ago,18:19,,https://www.youtube.com/watch?v=ZPuEUe_8SRM
218,I Cant Believe What Was In This Abandoned Storage Unit..,24M views,4 years ago,10:45,,https://www.youtube.com/watch?v=KEVpKoY85CI
219,Pulling Cars Over Using A Toy Police Car,23M views,4 years ago,13:36,,https://www.youtube.com/watch?v=ehEuczQUh8E
220,"I Donated $40,000 To A Random Twitch Fortnite Streamer (world record)",23M views,4 years ago,24:43,,https://www.youtube.com/watch?v=zE3FLbpu9-Q
221,"Saying Pewdiepie 100,000 Times",23M views,3 years ago,11:48:40,,https://www.youtube.com/watch?v=mGIpOtncmSM
222,$10000 Ice Sculpture Vs Flame,22M views,4 years ago,15:09,,https://www.youtube.com/watch?v=xBLxMfO3pDw
223,HOW TO UNLOCK ANY IPHONE WITHOUT THE PASSCODE,22M views,5 years ago,8:51,,https://www.youtube.com/watch?v=Qy17S3g8ZuY
224,"100,000,000 Subscriber Special",21M views,2 months ago,,,https://www.youtube.com/shorts/dZklZVaU4AI
225,"Tipping Pizza Delivery Guys $10,000",21M views,5 years ago,12:49,,https://www.youtube.com/watch?v=uotb9ZHnI2g
226,"Saying Logan Paul 100,000 Times",21M views,5 years ago,17:06:07,,https://www.youtube.com/watch?v=_FX6rml2Yjs
227,I Donated $1000 Every Time She Blinked - Fortnite Streamers,20M views,4 years ago,15:46,,https://www.youtube.com/watch?v=vbph9F_pRNI
228,"I Donated $10,000 If They Said This Word (Twitch Streamers)",19M views,4 years ago,13:05,,https://www.youtube.com/watch?v=n9BbAfbsyj0
229,Toothpaste Life Hacks YOU SHOULD KNOW,19M views,5 years ago,4:43,,https://www.youtube.com/watch?v=63gyUQ_JeOE
230,Walking Up To Random People With 100 StormTroopers,18M views,4 years ago,10:04,,https://www.youtube.com/watch?v=2Pvt8awds44
231,Trying To Fly Using Only Leaf Blowers,18M views,4 years ago,13:10,,https://www.youtube.com/watch?v=Fbl3E_XCQfA
232,"$10,000 Games Of Rock Paper Scissors",17M views,3 years ago,13:07,,https://www.youtube.com/watch?v=gKVZz4kcuns
233,"How I Gained 15,000,000 Subscribers In 1 Year",17M views,2 years ago,6:34,CC,https://www.youtube.com/watch?v=fY-LA3YaZ_M
234,Tying My Shoes In Every State (World Record),17M views,4 years ago,15:10,,https://www.youtube.com/watch?v=yuGEB4ZZdUQ
235,I Made Money Grow On Trees,16M views,4 years ago,10:34,,https://www.youtube.com/watch?v=97Gh93Daio0
236,"I Spent $30,000 On Lottery Tickets And Won ____",16M views,4 years ago,17:32,,https://www.youtube.com/watch?v=wDqJZ_2ZA3A
237,1k Subs,16M views,8 years ago,3:15,,https://www.youtube.com/watch?v=cRPldarzw-M
238,"I Gave My 6,000,000th Subscriber 6,000,000 ____",16M views,4 years ago,18:33,,https://www.youtube.com/watch?v=-0zoWMSEOGg
239,I Mailed Myself IN A BOX & it REALLY WORKED! (Human Mail Challenge),15M views,5 years ago,5:41,,https://www.youtube.com/watch?v=t1BWMa8btIw
240,I Took Apart My Friends Car And Put It In His Room,15M views,4 years ago,12:14,,https://www.youtube.com/watch?v=t4OumncEiKo
241,"I Gave $20,000 To People From An Ice Cream Truck",14M views,4 years ago,13:42,,https://www.youtube.com/watch?v=dFr5YQaQQdo
242,"I Tipped Waitresses $20,000",14M views,4 years ago,12:24,,https://www.youtube.com/watch?v=CWK6an4mYL0
243,"How I Gave Away $1,000,000",14M views,3 years ago,15:14,,https://www.youtube.com/watch?v=9-HphHIJS9c
244,"I Gave $500,000 To Random People",13M views,4 years ago,15:03,,https://www.youtube.com/watch?v=uBC7805Smsg
245,MY $1000 KEYBOARD CHANGED MY LIFE,13M views,5 years ago,3:33,,https://www.youtube.com/watch?v=Wyyqz3OxB5c
246,Hi Me In Two Years (Made Two Years Ago),13M views,5 years ago,1:50,,https://www.youtube.com/watch?v=5qzAVMe_SnM
247,"Giving My 4,000,000th Subscriber 4,000,000 Cookies",13M views,4 years ago,10:41,,https://www.youtube.com/watch?v=WZ2rYlVxt4g
248,"Can 10,000 Condoms Stop A Bullet?",12M views,4 years ago,8:18,,https://www.youtube.com/watch?v=MZatl6kUZpw
249,Worst Minecraft Saw Trap Ever???,12M views,10 years ago,2:37,,https://www.youtube.com/watch?v=2XVcLrB7B3Y
250,MrBeast6000's First Video (So Bad lol),12M views,6 years ago,3:07,,https://www.youtube.com/watch?v=8TFq_vvO_Wg
251,"Donating $10,000 To Fortnite Streamers If They Win",11M views,4 years ago,16:06,,https://www.youtube.com/watch?v=szt8xabJoSo
252,Microwaving A Microwave,11M views,5 years ago,10:04,,https://www.youtube.com/watch?v=KzwTYZ2W3ZA
253,"I Gave My 5,000,000th Subscriber 5,000,000 ______",11M views,4 years ago,11:52,,https://www.youtube.com/watch?v=dp8IaLrZpGs
254,If This Video Gets One Million Views.....,10M views,9 years ago,0:46,,https://www.youtube.com/watch?v=v1ELS84GQu8
255,"Donating $10,000 To Random Twitch Streamers",10M views,5 years ago,16:12,,https://www.youtube.com/watch?v=kupaqq-xJ_8
256,"Giving A Random Homeless Man $10,000",10M views,5 years ago,10:02,,https://www.youtube.com/watch?v=N_GMakKf7G4
257,IF ONLINE ADS WERE REAL,9.7M views,5 years ago,4:36,,https://www.youtube.com/watch?v=NEDPgQYhbqs
258,"Reading The Entire Bee Movie Script But Everytime They Say ""Bee"" I Repeat All the Previous Bees",9.7M views,5 years ago,1:30:59,,https://www.youtube.com/watch?v=dSDBr0WjrwQ
259,We Delivered 100 Pizzas To Random Houses,9M views,4 years ago,10:03,,https://www.youtube.com/watch?v=CvMRiR4k49Y
260,"Giving 3,000,000 Pennies To My 3,000,000th Subscriber",8.5M views,4 years ago,10:10,,https://www.youtube.com/watch?v=Pe3pGsCeYXg
261,WHY DO THEY SELL THIS ON AMAZON?,8.5M views,5 years ago,10:12,,https://www.youtube.com/watch?v=PJyWmlWNor8
262,MrBeast’s Outro Song,7.8M views,7 years ago,2:11,,https://www.youtube.com/watch?v=ttLYXcza4j4
263,"I Dropped $20,000 From A Drone",7.6M views,4 years ago,11:51,,https://www.youtube.com/watch?v=sg_XFT4K3N4
264,Dear Razer Can I Have My 70$ Back?????,7.4M views,6 years ago,2:59,,https://www.youtube.com/watch?v=hD_Af6W2qug
265,Life Hacks You Need To Know,7.2M views,4 years ago,10:04,,https://www.youtube.com/watch?v=BMZP4CtphaU
266,Savage Level 9000,7.1M views,5 years ago,2:01,,https://www.youtube.com/watch?v=pJSbLk-Iixc
267,Reacting To The Reaction Of The Reaction To The Reaction Of The Reaction Of The Reaction To The Reac,7M views,5 years ago,33:29,,https://www.youtube.com/watch?v=rqUvnLPvbrM
268,"Giving Homeless People $1,000 (Not Clickbait)",6.3M views,5 years ago,8:47,,https://www.youtube.com/watch?v=4KVmSG6KS2k
269,Going To The Connor McGregor fight!,5.9M views,5 years ago,5:42,,https://www.youtube.com/watch?v=sx5k8xd_VoU
270,i'm really sorry,5.4M views,4 years ago,3:27,,https://www.youtube.com/watch?v=5PCxQSMOl3o
271,Microwaving A Microwave Microwaving A Toaster,4.7M views,5 years ago,14:20,,https://www.youtube.com/watch?v=ntlG5XgYg4k
272,"Dropping 10,000 Pennies In Public Prank",4.6M views,5 years ago,1:49,,https://www.youtube.com/watch?v=o6tDuwd5gzE
273,"Tipping Uber Drivers $10,000",4.5M views,5 years ago,12:37,,https://www.youtube.com/watch?v=zAAXW7ySu1k
274,OMG! INSANE CUP FORT,4M views,5 years ago,5:09,,https://www.youtube.com/watch?v=dDYP56hEYF0
275,BLOWING UP $1000 KEYBOARD *RIP WALLET*,3.8M views,5 years ago,5:16,,https://www.youtube.com/watch?v=yhNcDBnQsEY
276,What Actually Happens When You Click On Spam Ads,3.7M views,5 years ago,3:47,,https://www.youtube.com/watch?v=P5h-SO_sByE
277,THE WORST THINGS EVER TO EXIST,3.6M views,5 years ago,5:18,,https://www.youtube.com/watch?v=DbC9CauTXoM
278,CUTTING TABLE IN HALF WITH PLASTIC KNIVES,3.6M views,6 years ago,4:05,,https://www.youtube.com/watch?v=tqO3_AKC5Ks
279,"Counting To 200,000 (Road To A Mil)",3.5M views,5 years ago,23:34:38,,https://www.youtube.com/watch?v=9CVwXBYVqVk
280,"SELLING ORGANS FOR $1,000,000",3.4M views,6 years ago,5:35,,https://www.youtube.com/watch?v=DoIQMkoYSzw
281,Microwaving Dry Ice (Microwave Explodes),3.2M views,5 years ago,6:03,,https://www.youtube.com/watch?v=i8pmk5xnO2s
282,100 LAYERS OF SARAN WRAP + TOILET PAPER!!,3.1M views,6 years ago,8:03,,https://www.youtube.com/watch?v=bqpKlkPpT10
283,HOW MUCH MONEY DO YOUTUBERS MAKE?,3M views,6 years ago,3:25,,https://www.youtube.com/watch?v=G4qOiwIE_o0
284,GAMBLING MONEY WITH SCRATCH OFF TICKETS,2.9M views,6 years ago,7:56,,https://www.youtube.com/watch?v=AXjdI_LHWJU
285,"Counting To 300,000 Road To A Mil (Part 1)",2.7M views,Streamed 5 years ago,11:11:27,,https://www.youtube.com/watch?v=0SNiEDWRnEQ
286,I Hate Pewdiepie!!!!!,2.7M views,8 years ago,2:06,,https://www.youtube.com/watch?v=2IGxSOfsBok
287,Harry Potter Mod In Minecraft! EPIC MUST SEE MOD!!!,2.7M views,10 years ago,3:59,,https://www.youtube.com/watch?v=jP82d277Cc8
288,"Microwaving my iPhone, what happens next might shock you..",2.6M views,5 years ago,6:06,,https://www.youtube.com/watch?v=nPlqRbVFBHI
289,STUPIDEST PERSN ON EART (Really Dumb),2.4M views,5 years ago,5:26,,https://www.youtube.com/watch?v=2O8wta4FsD4
290,POKEMON GO STEREOTYPES,2.1M views,6 years ago,3:27,,https://www.youtube.com/watch?v=e-If_d_bzfI
291,"Saying ""Keep Net Neutrality"" For 10 Hours",2M views,4 years ago,10:00:02,,https://www.youtube.com/watch?v=wMn8d7IeCYM
292,Pranks That Went Horribly Wrong,1.9M views,6 years ago,4:34,,https://www.youtube.com/watch?v=8ZTy3K2QgOY
293,Who Founded Faze? Who Created Faze Clan?,1.9M views,6 years ago,5:25,,https://www.youtube.com/watch?v=k9zko79_3_I
294,we are number one but every one is a bad intro,1.9M views,5 years ago,3:41,,https://www.youtube.com/watch?v=YH1-fDzHHpo
295,Grilling A Microwave Microwaving A Microwave Microwaving A Toaster Toasting An Iphone Watching Micro,1.9M views,5 years ago,3:08,,https://www.youtube.com/watch?v=igVcy5dtN80
296,Dear Future Me (Scheduled Uploaded 6 Months Ago),1.8M views,6 years ago,2:25,,https://www.youtube.com/watch?v=fG1N5kzeAhM
297,I Can't Break My Strange Addiction,1.7M views,5 years ago,4:45,,https://www.youtube.com/watch?v=jtOalDNVrKM
298,IF YOU ONLY SEE ORANGE YOU'RE COLOR BLIND,1.7M views,5 years ago,3:53,,https://www.youtube.com/watch?v=9fa_JYTPZ2Y
299,How Many People Get The Diamond Play Button?????,1.7M views,7 years ago,3:56,,https://www.youtube.com/watch?v=bEIK5ni_Pzs
300,WORST REVIEWS ON AMAZON #4 *FUNNY*,1.6M views,6 years ago,4:19,,https://www.youtube.com/watch?v=TIIU1ivhLKs
301,SURPRISING MY BROTHER WITH A LAPTOP,1.5M views,6 years ago,2:56,,https://www.youtube.com/watch?v=LP_mGU3CgXk
302,MrBeast6000's Channel Trailer,1.5M views,7 years ago,1:55,,https://www.youtube.com/watch?v=TRiF8PdrIP8
303,I BOUGHT A 1000$ KEYBOARD,1.5M views,5 years ago,6:21,,https://www.youtube.com/watch?v=KO8B2kw_Jxs
304,BEST WALMART TOILET PAPER FORT,1.4M views,6 years ago,4:16,,https://www.youtube.com/watch?v=dJCsc_Cq9i4
305,Stupid Things People Search On Google,1.3M views,7 years ago,6:09,,https://www.youtube.com/watch?v=2LIJtcI4dbg
306,Hi Me In A Year (Scheduled Uploaded A Year Ago),1.3M views,6 years ago,1:59,,https://www.youtube.com/watch?v=jhYG5BStQSk
307,REACTING TO MY OLD MINECRAFT VIDEOS (HORRIBLE),1.2M views,6 years ago,9:05,,https://www.youtube.com/watch?v=CHdy9wND1jo
308,Bleach Bottle Flips (COP CALLED),1.1M views,6 years ago,4:43,,https://www.youtube.com/watch?v=RPcXg2-0ejw
309,WORST REVIEWS ON AMAZON #2 HOW IS THIS LEGAL?,1.1M views,6 years ago,4:50,,https://www.youtube.com/watch?v=qjGNBluF6_I
310,"100,000 SUBSCRIBERS.EXE",923K views,6 years ago,4:26,,https://www.youtube.com/watch?v=5J6-5g2alp8
311,How Much Money Does Pewdiepie Make????? (Updated 2015),922K views,8 years ago,4:10,,https://www.youtube.com/watch?v=A8IkOqb_7Yg
312,"Reacting To Family Accounts (MamaBeast, MrBeast'sLaptop, Etc)",902K views,6 years ago,9:55,,https://www.youtube.com/watch?v=xjJJ_wDlc1E
313,Every Challenge I've Ever Done,808K views,5 years ago,23:48:06,,https://www.youtube.com/watch?v=KcsRxHwGz7A
314,Boxy item mod Minecraft. EPIC,766K views,9 years ago,1:30,,https://www.youtube.com/watch?v=Z8nEEdXTaX0
315,THE WORST SONG ON YOUTUBE *CRINGE*,765K views,6 years ago,4:08,,https://www.youtube.com/watch?v=yozl6enFC-w
316,WORST THUMBNAILS ON YOUTUBE #3,742K views,6 years ago,3:04,,https://www.youtube.com/watch?v=SaDDjW9Rw-M
317,Worst Reviews On Amazon #1 (Minecraft Edition),687K views,6 years ago,4:16,,https://www.youtube.com/watch?v=uAFGIQPWL54
318,More birds IN MINECRAFT!!,662K views,9 years ago,2:06,,https://www.youtube.com/watch?v=Y74b7WlcEpk
319,Dude Perfect 3.0 - We Are Better,626K views,6 years ago,3:13,,https://www.youtube.com/watch?v=rS2sntC-lJI
320,WORST BANNERS ON YOUTUBE #1,619K views,6 years ago,4:15,,https://www.youtube.com/watch?v=hRj5qNfkdO0
321,My Mom Found My Channel!! :0,619K views,7 years ago,4:32,,https://www.youtube.com/watch?v=mM2KwBYa-u4
322,24 HOUR EXPLOSION GIVEAWAY! WIN GIFTCARDS,603K views,6 years ago,24:00:02,,https://www.youtube.com/watch?v=Fzh65vCyHWQ
323,WORST MEMES AND TRENDS ON YOUTUBE!,602K views,6 years ago,4:01,,https://www.youtube.com/watch?v=FmjsePPBbdU
324,Bronze And Platinum Play Buttons?????,584K views,7 years ago,4:23,,https://www.youtube.com/watch?v=mY77HA20MzA
325,Most Epic minecraft skin EVER (Psy),553K views,,0:31,,https://www.youtube.com/watch?v=7qj3nuF9Dzw
326,FaZe Members Reaction's To Joining Faze,540K views,7 years ago,3:11,,https://www.youtube.com/watch?v=YJiqYG-Mylk
327,Minecraft Mansion Timelapse,538K views,8 years ago,5:02,,https://www.youtube.com/watch?v=TZPlDuYrcDQ
328,WORST THUMBNAILS ON YOUTUBE,511K views,6 years ago,2:55,,https://www.youtube.com/watch?v=VqhjiwmGNKA
329,Scary minecraft pig skin!,509K views,9 years ago,0:29,,https://www.youtube.com/watch?v=M82VAcabSiA
