,Title,Total Views,Upload Time,Duration,Subtitles,Link,Date
0,"$456,000 Squid Game In Real Life!",293M views,10 months ago,25:42,CC,https://www.youtube.com/watch?v=0e3GPea1Tyg,"Nov 25, 2021"
1,I Spent 50 Hours Buried Alive,197M views,1 year ago,12:40,CC,https://www.youtube.com/watch?v=9bqk6ZUsKyA,"Mar 28, 2021"
2,I Spent 50 Hours In Solitary Confinement,195M views,2 years ago,15:52,CC,https://www.youtube.com/watch?v=r7zJ8srwwjk,"May 31, 2020"
3,"Last To Leave Circle Wins $500,000",194M views,1 year ago,19:26,CC,https://www.youtube.com/watch?v=zxYjTTXc-J8,"Sep 1, 2021"
4,"Press This Button To Win $100,000!",192M views,1 year ago,15:30,CC,https://www.youtube.com/watch?v=GLoeAJUcz38,"Nov 15, 2020"
5,Anything You Can Fit In The Circle I’ll Pay For,176M views,2 years ago,20:00,CC,https://www.youtube.com/watch?v=yXWw0_UfSFg,"Mar 8, 2020"
6,I Put 100 Million Orbeez In My Friend's Backyard,171M views,3 years ago,14:45,,https://www.youtube.com/watch?v=3TflpIllQHY,"Nov 23, 2018"
7,"Going Through The Same Drive Thru 1,000 Times",164M views,3 years ago,15:38,CC,https://www.youtube.com/watch?v=QxGVgXf_LNk,"Oct 6, 2019"
8,"Would You Sit In Snakes For $10,000?",162M views,1 year ago,14:09,CC,https://www.youtube.com/watch?v=fMfipiV_17o,"Apr 11, 2021"
9,"I Ate A $70,000 Golden Pizza",160M views,2 years ago,13:10,CC,https://www.youtube.com/watch?v=F4Y3Pkn95GI,"Mar 1, 2020"
10,Would YOU Rather Have A Lamborghini or This House?,156M views,2 years ago,18:22,CC,https://www.youtube.com/watch?v=s1ax8Tx_Jz0,"Aug 23, 2020"
11,"Last To Leave $800,000 Island Keeps It",153M views,2 years ago,22:17,CC,https://www.youtube.com/watch?v=NkE0AMGzpJY,"Aug 16, 2020"
12,"Would You Rather Have $100,000 OR This Mystery Key?",146M views,2 years ago,18:21,CC,https://www.youtube.com/watch?v=_qAJMXfL6o0,"Jun 14, 2020"
13,If You Click This Video I'll Give My Friend .001$,142M views,2 years ago,17:21,CC,https://www.youtube.com/watch?v=YSoJPA8-oHc,"May 24, 2020"
14,"I Bought The World's Largest Mystery Box! ($500,000)",141M views,1 year ago,11:49,CC,https://www.youtube.com/watch?v=ayXxwJJId_c,"Apr 4, 2021"
15,"I Bought The World's Largest Firework ($600,000)",139M views,2 years ago,12:16,CC,https://www.youtube.com/watch?v=erQ_9yEz0ls,"Jul 4, 2020"
16,I Adopted EVERY Dog In A Dog Shelter,139M views,2 years ago,16:04,CC,https://www.youtube.com/watch?v=YQDDm9HLkV4,"Jul 24, 2020"
17,I Ate The World’s Largest Slice Of Pizza,138M views,2 years ago,8:03,CC,https://www.youtube.com/watch?v=Rj_vssRaZlQ,"Aug 2, 2020"
18,World’s Most Dangerous Escape Room!,137M views,8 months ago,8:01,CC,https://www.youtube.com/watch?v=3jS_yEK8qVI,"Jan 30, 2022"
19,I Went Back To 1st Grade For A Day,136M views,3 years ago,17:46,,https://www.youtube.com/watch?v=A-vX1AGBGsc,"Feb 1, 2019"
20,"I Ate $100,000 Golden Ice Cream",136M views,1 year ago,13:17,CC,https://www.youtube.com/watch?v=C680oxL__ck,"Jan 23, 2021"
21,Surviving 24 Hours Straight In The Bermuda Triangle,129M views,2 years ago,11:41,CC,https://www.youtube.com/watch?v=D9lVNzyhYnc,"Nov 10, 2019"
22,"Steal This $100,000 Diamond, You Keep It",126M views,1 year ago,14:03,CC,https://www.youtube.com/watch?v=Dc2ZRmuH5OM,"Nov 29, 2020"
23,Surviving 24 Hours On A Deserted Island,122M views,3 years ago,13:52,CC,https://www.youtube.com/watch?v=lBYC4_Lccjw,"Aug 23, 2019"
24,Spending 24 Hours On Top Of A Mountain,122M views,3 years ago,15:24,,https://www.youtube.com/watch?v=2eFSU7TFOnk,"Jun 14, 2019"
25,I Spent 24 Hours In A Doomsday Bunker,122M views,2 years ago,11:59,CC,https://www.youtube.com/watch?v=HBMmK1c44sE,"Apr 12, 2020"
26,I Survived 50 Hours In A Maximum Security Prison,121M views,1 year ago,12:38,CC,https://www.youtube.com/watch?v=nM89Wl03Q4g,"Jun 27, 2021"
27,I Gave My Credit Card To Random People,120M views,2 years ago,16:48,CC,https://www.youtube.com/watch?v=IYVjOfoU3uI,"Feb 2, 2020"
28,I Filled My Brother’s House With Slime & Bought Him A New One,120M views,2 years ago,10:25,CC,https://www.youtube.com/watch?v=vp5sSqyZ5Go,"Oct 11, 2020"
29,I Opened A Restaurant That Pays You To Eat At It,119M views,1 year ago,10:47,CC,https://www.youtube.com/watch?v=dg2Ag3e8W-Q,"Dec 20, 2020"
30,"Spending $1,000,000 In 24 Hours",119M views,2 years ago,15:56,CC,https://www.youtube.com/watch?v=bs0SWXbty18,"Dec 22, 2019"
31,"I Gave People $1,000,000 But ONLY 1 Minute To Spend It!",113M views,1 year ago,14:20,CC,https://www.youtube.com/watch?v=LeYsRMZFUq0,"Dec 16, 2020"
32,"Extreme $100,000 Game of Tag!",113M views,1 year ago,16:54,CC,https://www.youtube.com/watch?v=WcwGleN38zE,"Apr 18, 2021"
33,"Last To Leave Pool Of $20,000 Keeps It",111M views,3 years ago,16:39,CC,https://www.youtube.com/watch?v=bTrV5v7GLcQ,"Aug 25, 2019"
34,I Bought Everything In A Store - Challenge,111M views,3 years ago,16:56,,https://www.youtube.com/watch?v=ha4tRQwKIUg,"May 19, 2019"
35,I Built Willy Wonka's Chocolate Factory!,111M views,4 months ago,17:02,CC,https://www.youtube.com/watch?v=Hwybp38GnZw,"Jun 5, 2022"
36,"I Gave My 40,000,000th Subscriber 40 Cars",110M views,2 years ago,17:11,CC,https://www.youtube.com/watch?v=UE5AHE2Ypr8,"Sep 20, 2020"
37,"Last To Leave Revolving Door Wins $50,000",110M views,3 years ago,13:44,,https://www.youtube.com/watch?v=6wsFjjhZPJI,"Jul 3, 2019"
38,"Hit The Target, Win $300,000",110M views,1 year ago,15:04,CC,https://www.youtube.com/watch?v=NZlClr_ivb4,"Jun 13, 2021"
39,World's Largest Bowl Of Cereal,109M views,3 years ago,15:42,,https://www.youtube.com/watch?v=xRwy_rKc7gI,"May 16, 2019"
40,I Got Hunted By A Real Bounty Hunter,108M views,1 year ago,14:21,CC,https://www.youtube.com/watch?v=TQHEJj68Jew,"Apr 25, 2021"
41,"Eating A $10,000 Golden Steak (24k Gold)",107M views,3 years ago,16:30,,https://www.youtube.com/watch?v=7zi0bi-RDj4,"Jan 12, 2019"
42,I Got Hunted By The FBI,107M views,1 year ago,15:51,CC,https://www.youtube.com/watch?v=hxwpkM5w3Cc,"Aug 8, 2021"
43,I Won Every Prize At A Theme Park,106M views,3 years ago,13:22,CC,https://www.youtube.com/watch?v=UQtltNZ_pjs,"Aug 16, 2019"
44,Do Water Repellent Shoes Actually Work?,104M views,4 years ago,11:39,,https://www.youtube.com/watch?v=wbzD04leeLI,"Jun 23, 2018"
45,Spending 24 Hours Straight Under Water Challenge,104M views,4 years ago,15:11,,https://www.youtube.com/watch?v=6_im_hGxGRk,"Aug 25, 2018"
46,Make This Video The Most Liked Video On Youtube,104M views,3 years ago,13:11,,https://www.youtube.com/watch?v=dBxOYE2j55U,"Jan 17, 2019"
47,"Would You Rather Have A Giant Diamond or $100,000?",103M views,2 years ago,13:25,CC,https://www.youtube.com/watch?v=Vl3swga-Xrk,"Sep 27, 2020"
48,"Last To Take Hand Off Lamborghini, Keeps It",103M views,11 months ago,15:43,CC,https://www.youtube.com/watch?v=qIsgdOVGA04,"Oct 24, 2021"
49,I Survived 24 Hours Straight In Ice,102M views,1 year ago,11:34,CC,https://www.youtube.com/watch?v=SZQhgExjBvQ,"Oct 30, 2020"
50,"$50,000 Game Of Extreme Hide And Seek - Challenge",102M views,2 years ago,15:03,CC,https://www.youtube.com/watch?v=X1jMMFOqxEw,"Nov 29, 2019"
51,"$10,000 Every Day You Survive Prison",100M views,6 months ago,13:59,CC,https://www.youtube.com/watch?v=hD1YtmKXNb4,"Apr 10, 2022"
52,I Spent 24 Hours Straight In Insane Asylum,100M views,3 years ago,15:56,,https://www.youtube.com/watch?v=nuM0Z4a7kMs,"Feb 11, 2019"
53,Surviving 24 Hours Straight In A Desert,100M views,3 years ago,14:04,,https://www.youtube.com/watch?v=Ooke4YZv8Ts,"Mar 17, 2019"
54,I Opened A Free Car Dealership,99M views,3 years ago,16:39,CC,https://www.youtube.com/watch?v=3LLnjRLrvLU,"Aug 30, 2019"
55,Things That SHOULDN'T Be Sold On Amazon,99M views,4 years ago,14:06,,https://www.youtube.com/watch?v=P4qWhSZ7_WA,"Sep 22, 2018"
56,I Sold My House For $1,99M views,1 year ago,9:20,CC,https://www.youtube.com/watch?v=vJH28ICkCdU,"Mar 7, 2021"
57,Spending 24 Hours In A City With No Laws,99M views,3 years ago,14:29,,https://www.youtube.com/watch?v=H1WBdh56Vq4,"May 8, 2019"
58,I Ordered Pizza And Tipped The House,96M views,2 years ago,13:02,CC,https://www.youtube.com/watch?v=sfv1QaRzJg8,"Dec 6, 2019"
59,"Offering People $100,000 To Quit Their Job",96M views,1 year ago,10:27,CC,https://www.youtube.com/watch?v=DuQbOQwVaNE,"Mar 14, 2021"
60,"Last To Take Hand Off $1,000,000 Keeps It",96M views,2 years ago,15:25,CC,https://www.youtube.com/watch?v=yeqARWqjkps,"Dec 20, 2019"
61,I Built The World's Largest Lego Tower,96M views,2 years ago,13:56,CC,https://www.youtube.com/watch?v=59AYXzCa-Cs,"Jun 7, 2020"
62,"Last To Fall Wins $1,000,000 (Part 1)",96M views,2 years ago,16:57,CC,https://www.youtube.com/watch?v=tQ4m4zD7BBA,"Nov 15, 2019"
63,I Bought Everything In 5 Stores,95M views,1 year ago,14:14,CC,https://www.youtube.com/watch?v=5Fg9oZk-5uA,"Jan 10, 2021"
64,Surprising TFue With A Fortnite Battle Bus In Real Life,95M views,3 years ago,14:25,,https://www.youtube.com/watch?v=e5DqdX-7_g4,"Dec 8, 2018"
65,Anything You Can Fit In The Triangle I’ll Pay For,95M views,1 year ago,16:08,CC,https://www.youtube.com/watch?v=E6E22XQPhhg,"Jun 2, 2021"
66,I Bought A Private Island,94M views,2 years ago,11:37,CC,https://www.youtube.com/watch?v=FbM1yi4mMMc,"Aug 14, 2020"
67,"Last To Leave VR Wins $20,000",94M views,3 years ago,14:18,,https://www.youtube.com/watch?v=RCvnytndd9c,"Jun 9, 2019"
68,"Last To Leave Roller Coaster Wins $20,000 - Challenge",94M views,3 years ago,15:17,CC,https://www.youtube.com/watch?v=gL6iSCSHjco,"Aug 18, 2019"
69,"I Donated $50,000 To Ninja - Fortnite",93M views,4 years ago,22:02,,https://www.youtube.com/watch?v=foLlul8Tl3E,"Jul 15, 2018"
70,Homeless Man Buys A Lamborghini,93M views,3 years ago,14:20,,https://www.youtube.com/watch?v=JTQcIR2ZxU4,"Apr 19, 2019"
71,"$60,000 Extreme Hide And Seek - Challenge",93M views,2 years ago,17:59,CC,https://www.youtube.com/watch?v=LdMx2U5tby0,"Jan 18, 2020"
72,"I Searched 100 Dumpsters, Here's What I Found",93M views,3 years ago,17:09,CC,https://www.youtube.com/watch?v=anFxsa5jXrE,"Oct 13, 2019"
73,"Last To Leave Slime Pit Wins $20,000 - Challenge",93M views,3 years ago,18:08,,https://www.youtube.com/watch?v=3ix_gbcubTo,"Dec 1, 2018"
74,I Spent 24 Hours Straight In Prison - Challenge,92M views,3 years ago,14:52,,https://www.youtube.com/watch?v=sESRuTyfsEk,"Dec 20, 2018"
75,Destroying My Friend's Car And Surprising Him With A New One - Slime,92M views,4 years ago,16:11,,https://www.youtube.com/watch?v=nd-bwvNB7YA,"Aug 29, 2018"
76,"Last To Stop Running Wins $20,000",92M views,3 years ago,14:58,,https://www.youtube.com/watch?v=AA-VpIj8F5Y,"Jun 7, 2019"
77,"Would You Swim With Sharks For $100,000?",92M views,6 months ago,9:01,CC,https://www.youtube.com/watch?v=LnlKwzc_TNA,"Mar 20, 2022"
78,I Broke Into A House,90M views,2 years ago,14:59,CC,https://www.youtube.com/watch?v=OAbP-V6fEVc,"Jun 26, 2020"
79,"If You Can Carry $1,000,000 You Keep It!",90M views,1 year ago,10:45,CC,https://www.youtube.com/watch?v=ktyJIj6i4Qw,"Jul 25, 2021"
80,I Put Millions Of Pennies In My Friends Backyard,89M views,3 years ago,14:41,,https://www.youtube.com/watch?v=Su34c5Z8DW4,"Dec 9, 2018"
81,I Spent 24 Hours Straight At Area 51,88M views,3 years ago,15:19,,https://www.youtube.com/watch?v=TOcGSwJBPMQ,"Aug 3, 2019"
82,I Got Hunted By The Military,87M views,10 months ago,11:02,CC,https://www.youtube.com/watch?v=QbJJwaVdgIs,"Dec 11, 2021"
83,"Lamborghini Race, Winner Keeps Lamborghini",86M views,2 years ago,15:23,CC,https://www.youtube.com/watch?v=KSKJKLmAqpI,"Feb 9, 2020"
84,"First To Rob Bank Wins $100,000",85M views,1 year ago,8:02,CC,https://www.youtube.com/watch?v=cExLQ1o2pDw,"Sep 27, 2021"
85,Surviving 24 Hours Straight In A Rain Forest,84M views,3 years ago,13:09,CC,https://www.youtube.com/watch?v=d1010B3sKNQ,"Sep 22, 2019"
86,"$70,000 Extreme Hide And Seek - Challenge",84M views,2 years ago,18:41,CC,https://www.youtube.com/watch?v=_mdKvblL_8s,"Mar 14, 2020"
87,World's Hottest Substance Vs Coldest Substance,83M views,4 years ago,11:52,,https://www.youtube.com/watch?v=qrIh-ZHN4-E,"Jul 1, 2018"
88,"100 Girls Vs 100 Boys For $500,000",82M views,2 months ago,16:53,CC,https://www.youtube.com/watch?v=tVWWp1PqDus,"Jul 24, 2022"
89,"Extreme $500,000 Game Of Tag!",82M views,1 year ago,12:40,CC,https://www.youtube.com/watch?v=uocETPj4Jx4,"Sep 5, 2021"
90,"Last To Leave Circle Wins $10,000 - Challenge",80M views,4 years ago,16:36,,https://www.youtube.com/watch?v=Gz3yak1cl-8,"Oct 13, 2018"
91,"Last To Leave The Tesla, Keeps It Challenge",80M views,3 years ago,18:29,,https://www.youtube.com/watch?v=i2O6GMpNWGo,"Mar 30, 2019"
92,I Ran A Marathon In The World's Largest Shoes,79M views,2 years ago,14:59,CC,https://www.youtube.com/watch?v=AiGKBNGlzHo,"Mar 22, 2020"
93,Videos I Could Not Upload...,78M views,2 years ago,13:32,CC,https://www.youtube.com/watch?v=gsWPpE4Rid0,"May 1, 2020"
94,"Last To Take Hand Off Boat, Keeps It",78M views,2 years ago,16:48,CC,https://www.youtube.com/watch?v=Ims5p6wjW9s,"Oct 20, 2019"
95,Destroying My Friend's Car And Surprising Him With A New One,78M views,3 years ago,14:53,,https://www.youtube.com/watch?v=0DaMUhgcAqo,"Aug 11, 2019"
96,"Surprising My Girlfriend With 100,000 Roses For Valentines Day",78M views,2 years ago,13:08,CC,https://www.youtube.com/watch?v=i6OUv48w1bk,"Feb 15, 2020"
97,I Went Back To Boy Scouts For A Day,78M views,2 years ago,13:38,CC,https://www.youtube.com/watch?v=oI6aXhowFDY,"Jan 26, 2020"
98,I Uber’d People And Let Them Keep The Car,77M views,1 year ago,14:11,CC,https://www.youtube.com/watch?v=IoZri9hq7z4,"Oct 25, 2020"
99,"Would YOU Quit School For $100,000?",76M views,1 year ago,11:34,CC,https://www.youtube.com/watch?v=urtFrxDUV6c,"Jul 11, 2021"
100,"Last Youtuber To Leave Wins $100,000 - Challenge",76M views,3 years ago,24:39,,https://www.youtube.com/watch?v=71VpdDb8e6U,"Dec 13, 2018"
101,"Anything You Can Carry, I'll Pay For Challenge",76M views,3 years ago,15:09,,https://www.youtube.com/watch?v=tYHTVjfShOA,"Apr 21, 2019"
102,"I Spent $1,000,000 On Lottery Tickets and WON",74M views,2 years ago,15:10,CC,https://www.youtube.com/watch?v=5V2B28OqfqM,"Aug 9, 2020"
103,"Extreme $1,000,000 Hide And Seek",74M views,9 months ago,12:09,CC,https://www.youtube.com/watch?v=00NgUctWoLQ,"Dec 19, 2021"
104,"I Gave My 100,000,000th Subscriber An Island",74M views,2 months ago,15:31,CC,https://www.youtube.com/watch?v=2isYuQZMbdU,"Aug 5, 2022"
105,I Opened A FREE BANK,74M views,2 years ago,10:52,CC,https://www.youtube.com/watch?v=ORUX1lHbOa8,"Nov 24, 2019"
106,"Last To Remove Hand, Gets Lamborghini Challenge",73M views,3 years ago,19:47,,https://www.youtube.com/watch?v=nywT2SenPIo,"Nov 3, 2018"
107,"Last to Stop Swinging Wins $1,000,000 (Part 2)",70M views,2 years ago,13:03,CC,https://www.youtube.com/watch?v=RwnN2FVaHmw,"Dec 1, 2019"
108,"Planting 20,000,000 Trees, My Biggest Project Ever!",70M views,2 years ago,7:23,CC,https://www.youtube.com/watch?v=HPJKxAhLw5I,"Oct 26, 2019"
109,24 Hours In The Most Haunted Place On Earth,69M views,3 years ago,15:07,,https://www.youtube.com/watch?v=YyhKdOCwD7s,"May 31, 2019"
110,I Cleaned The World’s Dirtiest Beach #TeamSeas,69M views,11 months ago,4:55,CC,https://www.youtube.com/watch?v=cV2gBU6hKfY,"Oct 30, 2021"
111,Hi Me In 5 Years,69M views,2 years ago,2:08,CC,https://www.youtube.com/watch?v=AKJfakEsgy0,"Oct 5, 2020"
112,Standing Still For 24 Hours Straight - Statue Challenge,69M views,3 years ago,18:16,,https://www.youtube.com/watch?v=I046_n20d3s,"Feb 23, 2019"
113,I Gave A Homeless Man A Home,69M views,3 years ago,13:22,,https://www.youtube.com/watch?v=9cCpZl8euLI,"Mar 1, 2019"
114,I Built A Working Car Using Only LEGOS,68M views,4 years ago,12:30,,https://www.youtube.com/watch?v=XE9pUM9MEFA,"Jun 24, 2018"
115,"Surprising Tfue With $10,000 Live - Fortnite",68M views,4 years ago,15:23,,https://www.youtube.com/watch?v=GUWGsIVEMSQ,"Oct 5, 2018"
116,Giant Monopoly Game With Real Money,67M views,3 years ago,15:43,,https://www.youtube.com/watch?v=2nd73lyvq4w,"Feb 16, 2019"
117,"I Gave Him One Hour To Spend $100,000!",67M views,3 years ago,13:50,,https://www.youtube.com/watch?v=L8nh1wuXTbI,"Jan 2, 2019"
118,Molten Lava Vs Giant Ice Block Experiment,67M views,3 years ago,7:38,,https://www.youtube.com/watch?v=HfJMs4mrSJM,"Apr 28, 2019"
119,"Donating $100,000 To Streamers With 0 Viewers",66M views,3 years ago,14:37,,https://www.youtube.com/watch?v=Y6jC6VaO3j0,"Mar 25, 2019"
120,Can A Glowing 1000 Degree Sword Slice A Car In Half?,65M views,4 years ago,10:13,,https://www.youtube.com/watch?v=q0OK-zHnvnA,"Sep 7, 2018"
121,"Going Around A Ferris Wheel 1,000 Times Straight",63M views,2 years ago,12:56,CC,https://www.youtube.com/watch?v=LU_xVr4b2qM,"Nov 17, 2019"
122,"I Put 1,000,000 Christmas Lights On A House (World Record)",62M views,1 year ago,11:22,CC,https://www.youtube.com/watch?v=f0c7pSCoZqE,"Dec 24, 2020"
123,Last To Take Hand Off House Keeps It!,62M views,3 years ago,17:30,,https://www.youtube.com/watch?v=XaxhLbxZ13k,"Jan 9, 2019"
124,I Opened The World's First FREE Store,61M views,3 years ago,14:51,,https://www.youtube.com/watch?v=n6qc4LHN2KQ,"Jun 16, 2019"
125,"Youtube Rewind 2020, Thank God It's Over",61M views,1 year ago,6:31,CC,https://www.youtube.com/watch?v=PKtnafFtfEo,"Jan 2, 2021"
126,"I Donated $25,000 To Random Kids Streaming Fortnite",61M views,4 years ago,17:37,,https://www.youtube.com/watch?v=qAW6CE7_bFM,"Sep 15, 2018"
127,I Built A Giant House Using Only Legos,59M views,3 years ago,13:49,,https://www.youtube.com/watch?v=9vB-48kHbBU,"Dec 3, 2018"
128,"$1,000,000 Influencer Tournament!",59M views,9 months ago,12:05,CC,https://www.youtube.com/watch?v=x9TQ6culXIA,"Dec 17, 2021"
129,"Last To Leave Toilet Wins $1,000,000 (Part 3)",57M views,2 years ago,15:46,CC,https://www.youtube.com/watch?v=NbaWrbJDr48,"Dec 8, 2019"
130,I Survived A Plane Crash,56M views,1 month ago,8:14,CC,https://www.youtube.com/watch?v=jdMNoQE3mIQ,"Aug 21, 2022"
131,World's Largest Game Of Dodgeball,55M views,3 years ago,11:17,,https://www.youtube.com/watch?v=UtnsWzaoRtg,"Jul 13, 2019"
132,"$300,000 Influencer Trivia Tournament!",55M views,Streamed 1 year ago,24:05,CC,https://www.youtube.com/watch?v=1V_03efSkg0,"Streamed live on Oct 18, 2020"
133,Surprising Strangers With 100 Zombies - Experiment,55M views,3 years ago,12:01,,https://www.youtube.com/watch?v=iUzi5JmJNWc,"Mar 4, 2019"
134,Tipping Waitresses With Real Gold Bars,54M views,3 years ago,13:32,,https://www.youtube.com/watch?v=Rmf6T_Ewt38,"Jun 22, 2019"
135,"I Gave My Brother 24 Hours To Spend $100,000",54M views,3 years ago,13:08,CC,https://www.youtube.com/watch?v=0NGWT9COcEI,"Sep 1, 2019"
136,I Didn’t Eat Food For 30 Days,54M views,3 months ago,13:04,CC,https://www.youtube.com/watch?v=vaIgyRoUkQI,"Jul 3, 2022"
137,"Giving $10,000 To Random People And Saying Nothing",53M views,3 years ago,15:59,,https://www.youtube.com/watch?v=xhIYirjB4Yc,"May 1, 2019"
138,"Giving 10,000 Presents To Kids For Christmas",53M views,2 years ago,13:48,CC,https://www.youtube.com/watch?v=Z9WQy9jEY8M,"Dec 24, 2019"
139,"Attempting The Impossible Maze - $10,000 Challenge",53M views,4 years ago,19:47,,https://www.youtube.com/watch?v=b91vrgVY-ZQ,"Aug 16, 2018"
140,Breaking Glass Using Only Megaphones,52M views,4 years ago,9:12,,https://www.youtube.com/watch?v=XKFKPQHdWRI,"Mar 18, 2018"
141,"Anything You Can Carry, I'll Pay For #2",52M views,3 years ago,13:59,CC,https://www.youtube.com/watch?v=npDey6_9YRs,"Sep 7, 2019"
142,I Put 10 Million Legos in Friend's House,51M views,3 years ago,15:17,,https://www.youtube.com/watch?v=q6Qw8mUVTrE,"Jan 19, 2019"
143,"Donating $100,000 To A Random Fortnite Streamer",50M views,4 years ago,23:02,,https://www.youtube.com/watch?v=52ubXjlVzUY,"Aug 6, 2018"
144,"We Drove 3,000 Miles For The World's Best Burger",50M views,4 years ago,15:26,,https://www.youtube.com/watch?v=MC5h-ShR-S8,"Jun 10, 2018"
145,Watching Dance Till You're Dead For 10 Hours,50M views,5 years ago,10:00:01,,https://www.youtube.com/watch?v=AS5CxLCWq-Q,"Mar 22, 2017"
146,Counting To 10000 In One Sitting,50M views,6 years ago,3:29:41,,https://www.youtube.com/watch?v=9Ax56oRhcZc,"Feb 1, 2016"
147,"Can 50,000 Magnets Catch A Cannon Ball?",49M views,3 years ago,9:29,,https://www.youtube.com/watch?v=ws694xrKopA,"Jul 21, 2019"
148,"Last To Leave Ramen Noodle Pool Wins $20,000",48M views,3 years ago,14:32,CC,https://www.youtube.com/watch?v=NS3hse9ezik,"Sep 14, 2019"
149,"Get This Random Person 1,000,000 Subscribers",48M views,2 years ago,14:05,CC,https://www.youtube.com/watch?v=oD155zWANQg,"Sep 6, 2020"
150,"If You Press This, I’ll Pay...",46M views,1 year ago,11:05,CC,https://www.youtube.com/watch?v=_uwNDiU04zE,"Feb 14, 2021"
151,"I Gave $20,000 To Random Homeless People",46M views,4 years ago,10:56,,https://www.youtube.com/watch?v=op0N7axawJA,"Feb 17, 2018"
152,"$200,000 Youtuber Battle Royale",46M views,3 years ago,26:24,,https://www.youtube.com/watch?v=ZV7rU6lnAKQ,"Mar 13, 2019"
153,Donating $10000 To Pewdiepie,45M views,3 years ago,15:15,,https://www.youtube.com/watch?v=QapO3maXd9k,"Dec 17, 2018"
154,"Survive 100 Days In Circle, Win $500,000",46M views,2 weeks ago,17:57,,https://www.youtube.com/watch?v=gHzuabZUd6c,"Sep 25, 2022"
155,"I Spent $100,000 On Lottery Tickets And Won!",45M views,2 years ago,15:10,CC,https://www.youtube.com/watch?v=jokVbbLqV_E,"Nov 1, 2019"
156,"$250,000 Influencer Rock, Paper, Scissors Tournament",44M views,Streamed 2 years ago,28:00,CC,https://www.youtube.com/watch?v=Ih2WTyY62J4,"Streamed live on Apr 26, 2020"
157,Moving 10 Pounds Using ONLY Sound,43M views,4 years ago,13:46,,https://www.youtube.com/watch?v=XHb7g6yuGgE,"Aug 3, 2018"
158,I Bought One Snickers Bar From Every Walmart,43M views,4 years ago,10:40,,https://www.youtube.com/watch?v=sirrTXiPFmw,"Jan 14, 2018"
159,100 Person Extreme Hide & Seek!,42M views,1 month ago,12:23,CC,https://www.youtube.com/watch?v=65fN_OUawjk,"Sep 4, 2022"
160,"Spending $40,000 In One Hour Challenge",42M views,3 years ago,14:03,,https://www.youtube.com/watch?v=1SwVSTKFCsc,"Nov 18, 2018"
161,"Last To Stop Riding Bike Wins $1,000,000 (Part 4)",42M views,2 years ago,11:45,CC,https://www.youtube.com/watch?v=wMuYiLby3-s,"Dec 15, 2019"
162,"Ordering Water Then Tipping $30,000",42M views,3 years ago,12:03,,https://www.youtube.com/watch?v=uE6gud1voDs,"Oct 24, 2018"
163,I Hope This Magic Trick Works,41M views,4 years ago,16:22,,https://www.youtube.com/watch?v=tBEBc4KQVsU,"Sep 12, 2018"
164,I Advertised Pewdiepie At The Super Bowl,41M views,3 years ago,12:45,,https://www.youtube.com/watch?v=qPBtTPJHS0Q,"Feb 5, 2019"
165,"2,256 Miles In One Uber Ride (World Record)",41M views,4 years ago,10:16,,https://www.youtube.com/watch?v=YR6Wh2Zy9jE,"Oct 29, 2017"
166,Destroyed Friend's House And Bought Him A New One,40M views,3 years ago,14:38,,https://www.youtube.com/watch?v=VqnQ-0q2gb4,"Nov 25, 2018"
167,I Spent 24 Hours Straight In Slime,39M views,4 years ago,14:38,,https://www.youtube.com/watch?v=9GD6hbqu2oM,"Oct 10, 2018"
168,I Opened The World’s Cheapest Store,39M views,3 years ago,15:19,,https://www.youtube.com/watch?v=IiW2smvEcBM,"Jan 27, 2019"
169,How Many Toy Cars Does It Take To Pull A Real Car?,39M views,4 years ago,11:48,,https://www.youtube.com/watch?v=d8pJkuSp1iI,"May 5, 2018"
170,"Donating $100,000 To Random Streamers",38M views,3 years ago,16:03,CC,https://www.youtube.com/watch?v=al6130OD1Ck,"Sep 29, 2019"
171,"Paying People $10,000 To Eat Ghost Pepper",38M views,3 years ago,14:46,,https://www.youtube.com/watch?v=fWcSBWadolA,"Jun 2, 2019"
172,"I Gave $200,000 To People Who Lost Their Jobs (Corona Virus)",37M views,2 years ago,15:19,CC,https://www.youtube.com/watch?v=5Hg_QSIJm8I,"May 8, 2020"
173,Destroying My Friend's Car And Surprising Him With A New One,37M views,4 years ago,15:12,,https://www.youtube.com/watch?v=Izmibu7dxcs,"Apr 14, 2018"
174,I Bought Every Billboard In My City For This,37M views,3 years ago,15:31,,https://www.youtube.com/watch?v=qZNxvnQv0h4,"Oct 27, 2018"
175,Fidget Spinner Vs Face (Legit Had To Get Stitches),37M views,5 years ago,7:07,,https://www.youtube.com/watch?v=8D3vI1615K4,"May 3, 2017"
176,"I Donated $30,000 To My Favorite Twitch Streamer (ninja)",36M views,4 years ago,11:17,,https://www.youtube.com/watch?v=yzGmnjDFuZE,"Feb 22, 2018"
177,I Bought An Expensive Car Using Only $1 Bills,36M views,4 years ago,10:29,,https://www.youtube.com/watch?v=l_huIWJBhJM,"Feb 14, 2018"
178,Why I Haven’t Been Uploading,36M views,2 years ago,6:22,CC,https://www.youtube.com/watch?v=TDiXxsQ0w2Q,"Sep 18, 2020"
179,How Many Rubber Bands Does It Take To Snap A Safe?,35M views,4 years ago,10:16,,https://www.youtube.com/watch?v=Ejou8aa5eZk,"May 23, 2018"
180,"You Pick The Right Cup, You Win $100,000!",35M views,3 years ago,17:35,,https://www.youtube.com/watch?v=xBP9EUQIkNs,"Oct 29, 2018"
181,I Bought An Abandoned Storage Unit And Found This..,34M views,4 years ago,12:09,,https://www.youtube.com/watch?v=yUXIx2l8kko,"Dec 2, 2017"
182,Returning Destroyed Rental Cars Prank,33M views,4 years ago,10:30,,https://www.youtube.com/watch?v=rH1D_3G56DY,"Jul 28, 2018"
183,Important Youtube Announcement (please watch),33M views,2 years ago,2:35,CC,https://www.youtube.com/watch?v=0hVZOJCYBBM,"Dec 29, 2019"
184,Playing Battleship With Real Ships,33M views,3 years ago,15:32,,https://www.youtube.com/watch?v=xpNeg0hPZIs,"Apr 7, 2019"
185,"I Donated $30,000 To A Random Twitch Streamer (world record)",32M views,4 years ago,18:26,,https://www.youtube.com/watch?v=g2rbhIB-ITM,"Jan 28, 2018"
186,I Flew Using Only Balloons AND Leaf Blowers,31M views,4 years ago,11:18,,https://www.youtube.com/watch?v=vETSAZgfDP4,"Apr 24, 2018"
187,"Reading The Longest English Word (190,000 Characters)",31M views,5 years ago,1:54:48,,https://www.youtube.com/watch?v=IZVbzNRUlQI,"Jun 3, 2017"
188,Walking Into Random Stores With 100 Dinosaurs,31M views,4 years ago,10:12,,https://www.youtube.com/watch?v=VwWV4JelEzY,"Mar 23, 2018"
189,"Donating $100,000 To Shroud In Real Life",31M views,3 years ago,14:14,,https://www.youtube.com/watch?v=9yrdFAJUSaU,"Apr 5, 2019"
190,Breaking The Law,31M views,5 years ago,3:57,,https://www.youtube.com/watch?v=Er6QUQZbv0w,"Jul 10, 2017"
191,"Giving $1,000,000 Of Food To People In Need",30M views,2 years ago,12:29,CC,https://www.youtube.com/watch?v=oBYbxw8f5OI,"Mar 28, 2020"
192,Winning A Game Of Fortnite In The Middle Of The Ocean,30M views,4 years ago,10:15,,https://www.youtube.com/watch?v=NZR4WEjpOQg,"Apr 26, 2018"
193,"I Spent $50,000 On Lottery Tickets And Won ____",30M views,3 years ago,16:54,,https://www.youtube.com/watch?v=f0M64XpmTz8,"Oct 20, 2018"
194,"Giving $100,000 To A Homeless Person",30M views,3 years ago,14:44,,https://www.youtube.com/watch?v=rPXmbM2UEbU,"Dec 24, 2018"
195,I Can't Believe I Found This Stuff On Amazon..,29M views,4 years ago,8:21,,https://www.youtube.com/watch?v=AS6WMS_Bemg,"Dec 23, 2017"
196,"20,000 Magnets Vs A Car",29M views,3 years ago,12:03,,https://www.youtube.com/watch?v=984NGLLYDUg,"Jan 15, 2019"
197,"Giving My Mom $100,000 (Proudest Day Of My Life)",29M views,4 years ago,12:25,,https://www.youtube.com/watch?v=93s1JECSy60,"Dec 3, 2017"
198,What Can You Cut With Paper?,28M views,4 years ago,10:02,,https://www.youtube.com/watch?v=N1KsSUG4Uoc,"Dec 15, 2017"
199,I Ubered Random People In A Tank,28M views,4 years ago,10:04,,https://www.youtube.com/watch?v=3iaDrpKdaIc,"Jul 12, 2018"
200,Rocket League In Real Life!,27M views,4 years ago,12:55,,https://www.youtube.com/watch?v=bFZdU9dr4OM,"Sep 2, 2018"
201,Donating Big Donations To Twitch Streamers!!!,27M views,4 years ago,19:21,,https://www.youtube.com/watch?v=nRkwuTOESCc,"Jan 12, 2018"
202,"Surprising My 8,000,000th Subscriber With 8,000,000 ___",27M views,4 years ago,18:52,,https://www.youtube.com/watch?v=UlUcwJc5nBs,"Sep 20, 2018"
203,Watching It's Everyday Bro For 10 Hours Straight,27M views,5 years ago,10:00:11,,https://www.youtube.com/watch?v=ZJwX2jTXWwQ,"Jun 18, 2017"
204,I Bought The World's Most Expensive Apps ($10k),26M views,4 years ago,10:44,,https://www.youtube.com/watch?v=7ALCsEyn3mg,"Feb 9, 2018"
205,Flat Earth PROVEN By Independent Research,26M views,4 years ago,11:52,,https://www.youtube.com/watch?v=RywkkwO78m8,"Sep 23, 2018"
206,"I Counted To 100,000!",26M views,5 years ago,23:48:06,,https://www.youtube.com/watch?v=xWcldHxHFpo,"Jan 9, 2017"
207,I Bought A Car Using Only Pennies,26M views,4 years ago,12:08,,https://www.youtube.com/watch?v=nLpqZEAFnkE,"Jan 26, 2018"
208,#1 MOST INSANE MAGNET LIFE HACK EVER,26M views,5 years ago,5:23,,https://www.youtube.com/watch?v=dEOlvTqYUNo,"Mar 25, 2017"
209,"Can 1,000 Rolls Of Duct Tape Stop A Car??",25M views,4 years ago,10:23,,https://www.youtube.com/watch?v=d7QmQtNwhcU,"May 1, 2018"
210,The Real Way Dinosaurs Went Extinct,25M views,4 years ago,5:51,,https://www.youtube.com/watch?v=mpZWt5pGKZ8,"Jun 29, 2018"
211,"Can 100,000 Pieces Of Paper Stop A Bullet?",25M views,4 years ago,12:39,,https://www.youtube.com/watch?v=ln9aLVd__8w,"Dec 7, 2017"
212,How Many Balloons Does It Take To Float?,25M views,4 years ago,11:01,,https://www.youtube.com/watch?v=8bYzXI7bb8k,"Dec 31, 2017"
213,BEST INTROS ON YOUTUBE #1,25M views,6 years ago,5:39,,https://www.youtube.com/watch?v=XW1TsAVdXsw,"Jun 2, 2016"
214,"Can 1,000 Fans At Max Speed Push A Car?",25M views,4 years ago,12:23,,https://www.youtube.com/watch?v=WRzIuC2MKOU,"Jul 18, 2018"
215,I Built A Mansion Using Only Cardboard Boxes,24M views,4 years ago,7:10,,https://www.youtube.com/watch?v=koRKIlRQj4g,"Mar 21, 2018"
216,We Are Better Than Dude Perfect,24M views,5 years ago,2:38,,https://www.youtube.com/watch?v=Lx9fRu5ehFo,"Jun 24, 2017"
217,"Giving My 10,000,000th Subscriber 10,000,000 ___",24M views,3 years ago,18:19,,https://www.youtube.com/watch?v=ZPuEUe_8SRM,"Nov 14, 2018"
218,I Cant Believe What Was In This Abandoned Storage Unit..,24M views,4 years ago,10:45,,https://www.youtube.com/watch?v=KEVpKoY85CI,"Dec 17, 2017"
219,Pulling Cars Over Using A Toy Police Car,23M views,4 years ago,13:36,,https://www.youtube.com/watch?v=ehEuczQUh8E,"May 14, 2018"
220,"I Donated $40,000 To A Random Twitch Fortnite Streamer (world record)",23M views,4 years ago,24:43,,https://www.youtube.com/watch?v=zE3FLbpu9-Q,"Apr 22, 2018"
221,"Saying Pewdiepie 100,000 Times",23M views,3 years ago,11:48:40,,https://www.youtube.com/watch?v=mGIpOtncmSM,"Nov 26, 2018"
222,$10000 Ice Sculpture Vs Flame,22M views,4 years ago,15:09,,https://www.youtube.com/watch?v=xBLxMfO3pDw,"May 2, 2018"
223,HOW TO UNLOCK ANY IPHONE WITHOUT THE PASSCODE,22M views,5 years ago,8:51,,https://www.youtube.com/watch?v=Qy17S3g8ZuY,"Dec 21, 2016"
224,"100,000,000 Subscriber Special",21M views,2 months ago,,,https://www.youtube.com/shorts/dZklZVaU4AI,
225,"Tipping Pizza Delivery Guys $10,000",21M views,5 years ago,12:49,,https://www.youtube.com/watch?v=uotb9ZHnI2g,"Aug 24, 2017"
226,"Saying Logan Paul 100,000 Times",21M views,5 years ago,17:06:07,,https://www.youtube.com/watch?v=_FX6rml2Yjs,"Aug 19, 2017"
227,I Donated $1000 Every Time She Blinked - Fortnite Streamers,20M views,4 years ago,15:46,,https://www.youtube.com/watch?v=vbph9F_pRNI,"Jun 25, 2018"
228,"I Donated $10,000 If They Said This Word (Twitch Streamers)",19M views,4 years ago,13:05,,https://www.youtube.com/watch?v=n9BbAfbsyj0,"Apr 5, 2018"
229,Toothpaste Life Hacks YOU SHOULD KNOW,19M views,5 years ago,4:43,,https://www.youtube.com/watch?v=63gyUQ_JeOE,"Jun 14, 2017"
230,Walking Up To Random People With 100 StormTroopers,18M views,4 years ago,10:04,,https://www.youtube.com/watch?v=2Pvt8awds44,"Apr 12, 2018"
231,Trying To Fly Using Only Leaf Blowers,18M views,4 years ago,13:10,,https://www.youtube.com/watch?v=Fbl3E_XCQfA,"Mar 2, 2018"
232,"$10,000 Games Of Rock Paper Scissors",17M views,3 years ago,13:07,,https://www.youtube.com/watch?v=gKVZz4kcuns,"Nov 5, 2018"
233,"How I Gained 15,000,000 Subscribers In 1 Year",17M views,2 years ago,6:34,CC,https://www.youtube.com/watch?v=fY-LA3YaZ_M,"Jan 4, 2020"
234,Tying My Shoes In Every State (World Record),17M views,4 years ago,15:10,,https://www.youtube.com/watch?v=yuGEB4ZZdUQ,"Mar 17, 2018"
235,I Made Money Grow On Trees,16M views,4 years ago,10:34,,https://www.youtube.com/watch?v=97Gh93Daio0,"Jun 2, 2018"
236,"I Spent $30,000 On Lottery Tickets And Won ____",16M views,4 years ago,17:32,,https://www.youtube.com/watch?v=wDqJZ_2ZA3A,"Sep 29, 2018"
237,1k Subs,16M views,8 years ago,3:15,,https://www.youtube.com/watch?v=cRPldarzw-M,"Apr 14, 2014"
238,"I Gave My 6,000,000th Subscriber 6,000,000 ____",16M views,4 years ago,18:33,,https://www.youtube.com/watch?v=-0zoWMSEOGg,"Jul 26, 2018"
239,I Mailed Myself IN A BOX & it REALLY WORKED! (Human Mail Challenge),15M views,5 years ago,5:41,,https://www.youtube.com/watch?v=t1BWMa8btIw,"Nov 30, 2016"
240,I Took Apart My Friends Car And Put It In His Room,15M views,4 years ago,12:14,,https://www.youtube.com/watch?v=t4OumncEiKo,"May 26, 2018"
241,"I Gave $20,000 To People From An Ice Cream Truck",14M views,4 years ago,13:42,,https://www.youtube.com/watch?v=dFr5YQaQQdo,"May 3, 2018"
242,"I Tipped Waitresses $20,000",14M views,4 years ago,12:24,,https://www.youtube.com/watch?v=CWK6an4mYL0,"Mar 31, 2018"
243,"How I Gave Away $1,000,000",14M views,3 years ago,15:14,,https://www.youtube.com/watch?v=9-HphHIJS9c,"Dec 26, 2018"
244,"I Gave $500,000 To Random People",13M views,4 years ago,15:03,,https://www.youtube.com/watch?v=uBC7805Smsg,"May 12, 2018"
245,MY $1000 KEYBOARD CHANGED MY LIFE,13M views,5 years ago,3:33,,https://www.youtube.com/watch?v=Wyyqz3OxB5c,"Nov 4, 2016"
246,Hi Me In Two Years (Made Two Years Ago),13M views,5 years ago,1:50,,https://www.youtube.com/watch?v=5qzAVMe_SnM,"Oct 5, 2017"
247,"Giving My 4,000,000th Subscriber 4,000,000 Cookies",13M views,4 years ago,10:41,,https://www.youtube.com/watch?v=WZ2rYlVxt4g,"Apr 3, 2018"
248,"Can 10,000 Condoms Stop A Bullet?",12M views,4 years ago,8:18,,https://www.youtube.com/watch?v=MZatl6kUZpw,"Dec 29, 2017"
249,Worst Minecraft Saw Trap Ever???,12M views,10 years ago,2:37,,https://www.youtube.com/watch?v=2XVcLrB7B3Y,"Feb 21, 2012"
250,MrBeast6000's First Video (So Bad lol),12M views,6 years ago,3:07,,https://www.youtube.com/watch?v=8TFq_vvO_Wg,"Nov 20, 2015"
251,"Donating $10,000 To Fortnite Streamers If They Win",11M views,4 years ago,16:06,,https://www.youtube.com/watch?v=szt8xabJoSo,"Mar 4, 2018"
252,Microwaving A Microwave,11M views,5 years ago,10:04,,https://www.youtube.com/watch?v=KzwTYZ2W3ZA,"Dec 9, 2016"
253,"I Gave My 5,000,000th Subscriber 5,000,000 ______",11M views,4 years ago,11:52,,https://www.youtube.com/watch?v=dp8IaLrZpGs,"Jun 9, 2018"
254,If This Video Gets One Million Views.....,10M views,9 years ago,0:46,,https://www.youtube.com/watch?v=v1ELS84GQu8,"Sep 7, 2013"
255,"Donating $10,000 To Random Twitch Streamers",10M views,5 years ago,16:12,,https://www.youtube.com/watch?v=kupaqq-xJ_8,"Aug 16, 2017"
256,"Giving A Random Homeless Man $10,000",10M views,5 years ago,10:02,,https://www.youtube.com/watch?v=N_GMakKf7G4,"Jun 16, 2017"
257,IF ONLINE ADS WERE REAL,9.7M views,5 years ago,4:36,,https://www.youtube.com/watch?v=NEDPgQYhbqs,"Oct 17, 2016"
258,"Reading The Entire Bee Movie Script But Everytime They Say ""Bee"" I Repeat All the Previous Bees",9.7M views,5 years ago,1:30:59,,https://www.youtube.com/watch?v=dSDBr0WjrwQ,"Nov 25, 2016"
259,We Delivered 100 Pizzas To Random Houses,9M views,4 years ago,10:03,,https://www.youtube.com/watch?v=CvMRiR4k49Y,"Feb 3, 2018"
260,"Giving 3,000,000 Pennies To My 3,000,000th Subscriber",8.5M views,4 years ago,10:10,,https://www.youtube.com/watch?v=Pe3pGsCeYXg,"Feb 23, 2018"
261,WHY DO THEY SELL THIS ON AMAZON?,8.5M views,5 years ago,10:12,,https://www.youtube.com/watch?v=PJyWmlWNor8,"Dec 18, 2016"
262,MrBeast’s Outro Song,7.8M views,7 years ago,2:11,,https://www.youtube.com/watch?v=ttLYXcza4j4,"Sep 6, 2015"
263,"I Dropped $20,000 From A Drone",7.6M views,4 years ago,11:51,,https://www.youtube.com/watch?v=sg_XFT4K3N4,"Mar 8, 2018"
264,Dear Razer Can I Have My 70$ Back?????,7.4M views,6 years ago,2:59,,https://www.youtube.com/watch?v=hD_Af6W2qug,"Nov 30, 2015"
265,Life Hacks You Need To Know,7.2M views,4 years ago,10:04,,https://www.youtube.com/watch?v=BMZP4CtphaU,"Dec 9, 2017"
266,Savage Level 9000,7.1M views,5 years ago,2:01,,https://www.youtube.com/watch?v=pJSbLk-Iixc,"Mar 9, 2017"
267,Reacting To The Reaction Of The Reaction To The Reaction Of The Reaction Of The Reaction To The Reac,7M views,5 years ago,33:29,,https://www.youtube.com/watch?v=rqUvnLPvbrM,"Feb 22, 2017"
268,"Giving Homeless People $1,000 (Not Clickbait)",6.3M views,5 years ago,8:47,,https://www.youtube.com/watch?v=4KVmSG6KS2k,"Jun 29, 2017"
269,Going To The Connor McGregor fight!,5.9M views,5 years ago,5:42,,https://www.youtube.com/watch?v=sx5k8xd_VoU,"Aug 29, 2017"
270,i'm really sorry,5.4M views,4 years ago,3:27,,https://www.youtube.com/watch?v=5PCxQSMOl3o,"Oct 27, 2017"
271,Microwaving A Microwave Microwaving A Toaster,4.7M views,5 years ago,14:20,,https://www.youtube.com/watch?v=ntlG5XgYg4k,"Dec 23, 2016"
272,"Dropping 10,000 Pennies In Public Prank",4.6M views,5 years ago,1:49,,https://www.youtube.com/watch?v=o6tDuwd5gzE,"Mar 29, 2017"
273,"Tipping Uber Drivers $10,000",4.5M views,5 years ago,12:37,,https://www.youtube.com/watch?v=zAAXW7ySu1k,"Aug 31, 2017"
274,OMG! INSANE CUP FORT,4M views,5 years ago,5:09,,https://www.youtube.com/watch?v=dDYP56hEYF0,"Mar 15, 2017"
275,BLOWING UP $1000 KEYBOARD *RIP WALLET*,3.8M views,5 years ago,5:16,,https://www.youtube.com/watch?v=yhNcDBnQsEY,"Nov 12, 2016"
276,What Actually Happens When You Click On Spam Ads,3.7M views,5 years ago,3:47,,https://www.youtube.com/watch?v=P5h-SO_sByE,"Oct 2, 2017"
277,THE WORST THINGS EVER TO EXIST,3.6M views,5 years ago,5:18,,https://www.youtube.com/watch?v=DbC9CauTXoM,"Nov 19, 2016"
278,CUTTING TABLE IN HALF WITH PLASTIC KNIVES,3.6M views,6 years ago,4:05,,https://www.youtube.com/watch?v=tqO3_AKC5Ks,"Jun 5, 2016"
279,"Counting To 200,000 (Road To A Mil)",3.5M views,5 years ago,23:34:38,,https://www.youtube.com/watch?v=9CVwXBYVqVk,"Feb 18, 2017"
280,"SELLING ORGANS FOR $1,000,000",3.4M views,6 years ago,5:35,,https://www.youtube.com/watch?v=DoIQMkoYSzw,"Aug 3, 2016"
281,Microwaving Dry Ice (Microwave Explodes),3.2M views,5 years ago,6:03,,https://www.youtube.com/watch?v=i8pmk5xnO2s,"Feb 10, 2017"
282,100 LAYERS OF SARAN WRAP + TOILET PAPER!!,3.1M views,6 years ago,8:03,,https://www.youtube.com/watch?v=bqpKlkPpT10,"Aug 24, 2016"
283,HOW MUCH MONEY DO YOUTUBERS MAKE?,3M views,6 years ago,3:25,,https://www.youtube.com/watch?v=G4qOiwIE_o0,"Aug 15, 2016"
284,GAMBLING MONEY WITH SCRATCH OFF TICKETS,2.9M views,6 years ago,7:56,,https://www.youtube.com/watch?v=AXjdI_LHWJU,"Aug 27, 2016"
285,"Counting To 300,000 Road To A Mil (Part 1)",2.7M views,Streamed 5 years ago,11:11:27,,https://www.youtube.com/watch?v=0SNiEDWRnEQ,"Streamed live on Apr 2, 2017"
286,I Hate Pewdiepie!!!!!,2.7M views,8 years ago,2:06,,https://www.youtube.com/watch?v=2IGxSOfsBok,"Feb 1, 2014"
287,Harry Potter Mod In Minecraft! EPIC MUST SEE MOD!!!,2.7M views,10 years ago,3:59,,https://www.youtube.com/watch?v=jP82d277Cc8,"Mar 10, 2012"
288,"Microwaving my iPhone, what happens next might shock you..",2.6M views,5 years ago,6:06,,https://www.youtube.com/watch?v=nPlqRbVFBHI,"Aug 21, 2017"
289,STUPIDEST PERSN ON EART (Really Dumb),2.4M views,5 years ago,5:26,,https://www.youtube.com/watch?v=2O8wta4FsD4,"Nov 28, 2016"
290,POKEMON GO STEREOTYPES,2.1M views,6 years ago,3:27,,https://www.youtube.com/watch?v=e-If_d_bzfI,"Jul 14, 2016"
291,"Saying ""Keep Net Neutrality"" For 10 Hours",2M views,4 years ago,10:00:02,,https://www.youtube.com/watch?v=wMn8d7IeCYM,"Dec 18, 2017"
292,Pranks That Went Horribly Wrong,1.9M views,6 years ago,4:34,,https://www.youtube.com/watch?v=8ZTy3K2QgOY,"Mar 20, 2016"
293,Who Founded Faze? Who Created Faze Clan?,1.9M views,6 years ago,5:25,,https://www.youtube.com/watch?v=k9zko79_3_I,"Mar 18, 2016"
294,we are number one but every one is a bad intro,1.9M views,5 years ago,3:41,,https://www.youtube.com/watch?v=YH1-fDzHHpo,"Dec 25, 2016"
295,Grilling A Microwave Microwaving A Microwave Microwaving A Toaster Toasting An Iphone Watching Micro,1.9M views,5 years ago,3:08,,https://www.youtube.com/watch?v=igVcy5dtN80,"Mar 31, 2017"
296,Dear Future Me (Scheduled Uploaded 6 Months Ago),1.8M views,6 years ago,2:25,,https://www.youtube.com/watch?v=fG1N5kzeAhM,"Apr 5, 2016"
297,I Can't Break My Strange Addiction,1.7M views,5 years ago,4:45,,https://www.youtube.com/watch?v=jtOalDNVrKM,"Mar 20, 2017"
298,IF YOU ONLY SEE ORANGE YOU'RE COLOR BLIND,1.7M views,5 years ago,3:53,,https://www.youtube.com/watch?v=9fa_JYTPZ2Y,"Dec 5, 2016"
299,How Many People Get The Diamond Play Button?????,1.7M views,7 years ago,3:56,,https://www.youtube.com/watch?v=bEIK5ni_Pzs,"Jul 25, 2015"
300,WORST REVIEWS ON AMAZON #4 *FUNNY*,1.6M views,6 years ago,4:19,,https://www.youtube.com/watch?v=TIIU1ivhLKs,"Aug 22, 2016"
301,SURPRISING MY BROTHER WITH A LAPTOP,1.5M views,6 years ago,2:56,,https://www.youtube.com/watch?v=LP_mGU3CgXk,"Aug 8, 2016"
302,MrBeast6000's Channel Trailer,1.5M views,7 years ago,1:55,,https://www.youtube.com/watch?v=TRiF8PdrIP8,"Oct 9, 2015"
303,I BOUGHT A 1000$ KEYBOARD,1.5M views,5 years ago,6:21,,https://www.youtube.com/watch?v=KO8B2kw_Jxs,"Oct 26, 2016"
304,BEST WALMART TOILET PAPER FORT,1.4M views,6 years ago,4:16,,https://www.youtube.com/watch?v=dJCsc_Cq9i4,"Aug 25, 2016"
305,Stupid Things People Search On Google,1.3M views,7 years ago,6:09,,https://www.youtube.com/watch?v=2LIJtcI4dbg,"Sep 26, 2015"
306,Hi Me In A Year (Scheduled Uploaded A Year Ago),1.3M views,6 years ago,1:59,,https://www.youtube.com/watch?v=jhYG5BStQSk,"Oct 5, 2016"
307,REACTING TO MY OLD MINECRAFT VIDEOS (HORRIBLE),1.2M views,6 years ago,9:05,,https://www.youtube.com/watch?v=CHdy9wND1jo,"Jun 20, 2016"
308,Bleach Bottle Flips (COP CALLED),1.1M views,6 years ago,4:43,,https://www.youtube.com/watch?v=RPcXg2-0ejw,"Oct 10, 2016"
309,WORST REVIEWS ON AMAZON #2 HOW IS THIS LEGAL?,1.1M views,6 years ago,4:50,,https://www.youtube.com/watch?v=qjGNBluF6_I,"Jul 3, 2016"
310,"100,000 SUBSCRIBERS.EXE",923K views,6 years ago,4:26,,https://www.youtube.com/watch?v=5J6-5g2alp8,"Jul 9, 2016"
311,How Much Money Does Pewdiepie Make????? (Updated 2015),922K views,8 years ago,4:10,,https://www.youtube.com/watch?v=A8IkOqb_7Yg,"Jan 12, 2014"
312,"Reacting To Family Accounts (MamaBeast, MrBeast'sLaptop, Etc)",902K views,6 years ago,9:55,,https://www.youtube.com/watch?v=xjJJ_wDlc1E,"Dec 23, 2015"
313,Every Challenge I've Ever Done,808K views,5 years ago,23:48:06,,https://www.youtube.com/watch?v=KcsRxHwGz7A,"Jun 23, 2017"
314,Boxy item mod Minecraft. EPIC,766K views,9 years ago,1:30,,https://www.youtube.com/watch?v=Z8nEEdXTaX0,"Jan 13, 2013"
315,THE WORST SONG ON YOUTUBE *CRINGE*,765K views,6 years ago,4:08,,https://www.youtube.com/watch?v=yozl6enFC-w,"Aug 9, 2016"
316,WORST THUMBNAILS ON YOUTUBE #3,742K views,6 years ago,3:04,,https://www.youtube.com/watch?v=SaDDjW9Rw-M,"Jun 22, 2016"
317,Worst Reviews On Amazon #1 (Minecraft Edition),687K views,6 years ago,4:16,,https://www.youtube.com/watch?v=uAFGIQPWL54,"Jun 27, 2016"
318,More birds IN MINECRAFT!!,662K views,9 years ago,2:06,,https://www.youtube.com/watch?v=Y74b7WlcEpk,"Jan 13, 2013"
319,Dude Perfect 3.0 - We Are Better,626K views,6 years ago,3:13,,https://www.youtube.com/watch?v=rS2sntC-lJI,"Apr 5, 2016"
320,WORST BANNERS ON YOUTUBE #1,619K views,6 years ago,4:15,,https://www.youtube.com/watch?v=hRj5qNfkdO0,"Jun 14, 2016"
321,My Mom Found My Channel!! :0,619K views,7 years ago,4:32,,https://www.youtube.com/watch?v=mM2KwBYa-u4,"Aug 20, 2015"
322,24 HOUR EXPLOSION GIVEAWAY! WIN GIFTCARDS,603K views,6 years ago,24:00:02,,https://www.youtube.com/watch?v=Fzh65vCyHWQ,"Sep 6, 2016"
323,WORST MEMES AND TRENDS ON YOUTUBE!,602K views,6 years ago,4:01,,https://www.youtube.com/watch?v=FmjsePPBbdU,"May 2, 2016"
324,Bronze And Platinum Play Buttons?????,584K views,7 years ago,4:23,,https://www.youtube.com/watch?v=mY77HA20MzA,"Sep 13, 2015"
325,Most Epic minecraft skin EVER (Psy),553K views,,0:31,,https://www.youtube.com/watch?v=7qj3nuF9Dzw,"Jan 13, 2013"
326,FaZe Members Reaction's To Joining Faze,540K views,7 years ago,3:11,,https://www.youtube.com/watch?v=YJiqYG-Mylk,"Jul 2, 2015"
327,Minecraft Mansion Timelapse,538K views,8 years ago,5:02,,https://www.youtube.com/watch?v=TZPlDuYrcDQ,"Feb 23, 2014"
328,WORST THUMBNAILS ON YOUTUBE,511K views,6 years ago,2:55,,https://www.youtube.com/watch?v=VqhjiwmGNKA,"Feb 29, 2016"
329,Scary minecraft pig skin!,509K views,9 years ago,0:29,,https://www.youtube.com/watch?v=M82VAcabSiA,"Jan 13, 2013"
