Name,Rank,Level,Link,Gold,Silver,Bronze,Points,Joined
myominhtet,2041,expert,https://www.kaggle.com/myominhtet,0,0,5,49,3 years ago
Đặng Duy Thanh,2042,expert,https://www.kaggle.com/duythanhng,0,0,10,49,3 years ago
Abhijit Singh,2043,expert,https://www.kaggle.com/abhijitsingh001,0,1,10,49,2 years ago
Vishvanath Metkari,2044,expert,https://www.kaggle.com/ervishvanathmetkari,0,0,6,49,2 years ago
IAbhishekBhardwaj,2045,expert,https://www.kaggle.com/iabhishekbhardwaj,0,1,7,49,2 years ago
Saadman Sakib,2046,expert,https://www.kaggle.com/saadmansakib,0,1,4,49,2 years ago
Fariz Rizky Haykal Abdillah,2047,expert,https://www.kaggle.com/farizhaykal,0,0,6,49,2 years ago
Atom,2048,expert,https://www.kaggle.com/dextermojo,0,1,7,49,2 years ago
Raimondo Melis,2049,expert,https://www.kaggle.com/raimondomelis,0,0,5,49,2 years ago
Arhit Bose Tagore,2050,expert,https://www.kaggle.com/arhitbosetagore,0,1,8,49,2 years ago
Tanav Bajaj,2051,expert,https://www.kaggle.com/tanavbajaj,0,0,6,49,2 years ago
AqibRehman PirZada,2052,expert,https://www.kaggle.com/aqibrehmanpirzada,0,0,5,49,2 years ago
Guillermo García Cobo,2053,expert,https://www.kaggle.com/atmguille,0,0,8,49,2 years ago
Mohamed Khaled Elsafty,2054,expert,https://www.kaggle.com/mohamedkhaledelsafty,0,0,6,49,2 years ago
Farid Taghiyev,2055,expert,https://www.kaggle.com/faridtaghiyev,0,0,9,49,2 years ago
Vinayak Tiwari,2056,expert,https://www.kaggle.com/vinayaktiwari28,0,0,6,49,a year ago
Rajwinder2000,2057,expert,https://www.kaggle.com/rajwinder2000,0,1,7,49,a year ago
GyuTak,2058,expert,https://www.kaggle.com/formeforu,0,0,6,49,a year ago
Toygar Tanyel,2059,expert,https://www.kaggle.com/toygarr,0,1,5,49,a year ago
Ibrahim Serouis 99,2060,expert,https://www.kaggle.com/ibrahimserouis99,0,0,8,49,a year ago
dmitry_lessy,2061,expert,https://www.kaggle.com/dmitrylessy,0,1,4,49,a year ago
Sahar Garmsiri,2062,expert,https://www.kaggle.com/sahargarmsiri,0,1,5,49,a year ago
YiuKit Cheung,2063,expert,https://www.kaggle.com/yiukitcheung,0,2,3,49,8 months ago
Ankit Bhattacharyya,2064,expert,https://www.kaggle.com/ankitbhattacharyya,0,0,5,49,7 months ago
Faraz Munshi,2065,expert,https://www.kaggle.com/farazmunshi,0,0,6,49,7 months ago
Agustin222,2066,expert,https://www.kaggle.com/agustin222,0,0,5,49,7 months ago
fozia shareen,2067,expert,https://www.kaggle.com/foziashareen,0,0,6,49,4 months ago
Eu Jin Lok,2068,expert,https://www.kaggle.com/ejlok1,1,2,6,48,12 years ago
Aditya Bhatt,2069,expert,https://www.kaggle.com/adityabhat,0,1,6,48,7 years ago
Anubhav Singh,2070,expert,https://www.kaggle.com/anubhav1302,0,0,12,48,6 years ago
Eric Bouteillon,2071,expert,https://www.kaggle.com/ebouteillon,1,3,3,48,5 years ago
Sani Kamal,2072,expert,https://www.kaggle.com/sanikamal,0,1,10,48,5 years ago
arvis,2073,expert,https://www.kaggle.com/arvissu,0,1,5,48,5 years ago
hawkey,2074,expert,https://www.kaggle.com/hawkey,2,1,2,48,5 years ago
Yashvardhan Jain,2075,expert,https://www.kaggle.com/yashvrdnjain,0,1,4,48,5 years ago
Shenuri Sumanasekara,2076,expert,https://www.kaggle.com/shenurisumanasekara,0,0,9,48,5 years ago
ChewZY,2077,expert,https://www.kaggle.com/chewzy,2,1,6,48,5 years ago
Shivam Ralli,2078,expert,https://www.kaggle.com/hoshi7,1,1,5,48,4 years ago
AU12,2079,expert,https://www.kaggle.com/au1206,0,2,4,48,4 years ago
Arpit Dwivedi,2080,expert,https://www.kaggle.com/arpitdw,0,8,0,48,4 years ago
Suharkov,2081,expert,https://www.kaggle.com/suharkov,0,1,7,48,4 years ago
masoud parpanchi,2082,expert,https://www.kaggle.com/masoudmzb,0,4,5,48,4 years ago
shweta sharma,2083,expert,https://www.kaggle.com/shweta2407,0,1,9,48,3 years ago
Marco Carujo,2084,expert,https://www.kaggle.com/mcarujo,0,0,14,48,3 years ago
Philippe Massouf,2085,expert,https://www.kaggle.com/pmassouf,0,0,7,48,3 years ago
Ahmet Esencan,2086,expert,https://www.kaggle.com/ahmetesencan,0,0,5,48,3 years ago
Yogesh Rampariya,2087,expert,https://www.kaggle.com/yogeshrampariya,0,0,6,48,3 years ago
Neel Gajare,2088,expert,https://www.kaggle.com/neelgajare,0,0,6,48,3 years ago
Ibrahim Heshmat,2089,expert,https://www.kaggle.com/himahima,0,1,12,48,3 years ago
Ritik P. Nayak,2090,expert,https://www.kaggle.com/ritikpnayak,0,0,12,48,3 years ago
sayak,2091,expert,https://www.kaggle.com/sayakdasgupta,1,4,1,48,3 years ago
Kamal Khumar,2092,expert,https://www.kaggle.com/kamalkhumar,0,0,17,48,3 years ago
Umut Alpaydin,2093,expert,https://www.kaggle.com/umutalpaydn,0,2,7,48,3 years ago
Andreas Stavrou,2094,expert,https://www.kaggle.com/andreasstavrou,0,0,5,48,2 years ago
Dongkyu Kim,2095,expert,https://www.kaggle.com/vkehfdl1,0,1,5,48,2 years ago
spin fit,2096,expert,https://www.kaggle.com/kimalpha,0,0,6,48,2 years ago
Ashaab Rizvi,2097,expert,https://www.kaggle.com/ashaabrizvi,0,4,4,48,2 years ago
zephyr666666,2098,expert,https://www.kaggle.com/zephyrwang666,2,0,3,48,2 years ago
Ashok kumar,2099,expert,https://www.kaggle.com/ashokkumarbibbab,0,2,8,48,2 years ago
Ilya Pozdnyakov,2100,expert,https://www.kaggle.com/ilyapozdnyakov,0,4,3,48,2 years ago
SM Sajideen,2101,expert,https://www.kaggle.com/smsajideen,0,2,4,48,2 years ago
Neesham,2102,expert,https://www.kaggle.com/neesham,0,0,5,48,2 years ago
Vamsi Krishna B,2103,expert,https://www.kaggle.com/vamsikrishnab,0,1,7,48,2 years ago
Jasthi Naveen,2104,expert,https://www.kaggle.com/jasthinaveen0640,0,0,6,48,2 years ago
Sachin Sarkar,2105,expert,https://www.kaggle.com/sachinsarkar,0,1,7,48,a year ago
Lakhan kumawat,2106,expert,https://www.kaggle.com/lakhankumawat,0,0,7,48,a year ago
Digant Dixit,2107,expert,https://www.kaggle.com/digantdixit,0,0,5,48,a year ago
Nikhil Sharma,2108,expert,https://www.kaggle.com/nikhilsharma24,0,0,6,48,a year ago
Phúc Đỗ Vương,2109,expert,https://www.kaggle.com/phuc16102001,0,0,5,48,a year ago
Ahmed Elgebaly,2110,expert,https://www.kaggle.com/ahmedsafwatgb20,0,1,4,48,a year ago
Sener Alkan,2111,expert,https://www.kaggle.com/seneralkan,0,2,5,48,a year ago
Mikołaj Hojda,2112,expert,https://www.kaggle.com/mikolajhojda,0,0,5,48,10 months ago
Danish Asif,2113,expert,https://www.kaggle.com/danishasif,0,0,6,48,6 months ago
Liling Tan,2114,expert,https://www.kaggle.com/alvations,1,1,4,47,9 years ago
Yann Claudel,2115,expert,https://www.kaggle.com/yclaudel,1,1,5,47,6 years ago
Felipe Peressim,2116,expert,https://www.kaggle.com/peressim,0,0,9,47,6 years ago
hamidreza samsami,2117,expert,https://www.kaggle.com/persix,0,0,8,47,5 years ago
Jeff Hale,2118,expert,https://www.kaggle.com/discdiver,2,3,2,47,5 years ago
Dewei Chen,2119,expert,https://www.kaggle.com/dwchen,0,0,9,47,4 years ago
Mykola,2120,expert,https://www.kaggle.com/meowmeowmeowmeowmeow,0,1,5,47,4 years ago
shyambhu Mukherjee,2121,expert,https://www.kaggle.com/shyambhu,0,1,11,47,4 years ago
Siddhant Sadangi,2122,expert,https://www.kaggle.com/siddhantsadangi,0,2,4,47,4 years ago
Alex Lekov,2123,expert,https://www.kaggle.com/itslek,1,2,6,47,4 years ago
Kabir,2124,expert,https://www.kaggle.com/kabirnagpal,0,3,5,47,4 years ago
Siddharth Mandgi,2125,expert,https://www.kaggle.com/siddharthmandgi,0,0,5,47,4 years ago
ganchan,2126,expert,https://www.kaggle.com/iwatatakuya,0,2,5,47,3 years ago
Tarun,2127,expert,https://www.kaggle.com/tarunbisht11,0,0,11,47,3 years ago
Siddharth Tyagi,2128,expert,https://www.kaggle.com/siddharthtyagi,0,2,5,47,3 years ago
Ashraf Khan,2129,expert,https://www.kaggle.com/ashrafkhan94,0,0,12,47,3 years ago
Tuan Nguyen Van Anh,2130,expert,https://www.kaggle.com/tuannguyenvananh,0,1,4,47,3 years ago
Vsevolod Cherepanov,2131,expert,https://www.kaggle.com/vsevolodcherepanov,0,0,8,47,3 years ago
tolga_,2132,expert,https://www.kaggle.com/soraka,0,0,5,47,2 years ago
TUSHAR SARKAR,2133,expert,https://www.kaggle.com/tusharsarkar,0,1,5,47,2 years ago
miracl16,2134,expert,https://www.kaggle.com/miracl16,0,4,1,47,2 years ago
Ayush Rathi,2135,expert,https://www.kaggle.com/ayushrathi47,0,0,5,47,2 years ago
Kiran Clement,2136,expert,https://www.kaggle.com/kiranclement,0,0,8,47,2 years ago
Sabarishwaran G,2137,expert,https://www.kaggle.com/sabarish2611,0,0,5,47,2 years ago
CRISTIAN CARTAGENA MATOS,2138,expert,https://www.kaggle.com/cristianminas,0,1,6,47,2 years ago
Tanvi Kurade,2139,expert,https://www.kaggle.com/tanvikurade,0,0,9,47,2 years ago
Sémi Ben Hsan,2140,expert,https://www.kaggle.com/samibenhsan,0,4,1,47,2 years ago
mahwiz khalil,2141,expert,https://www.kaggle.com/mahwiz,0,0,5,47,a year ago
Tanay .M. Patare,2142,expert,https://www.kaggle.com/tanaypatare,0,0,15,47,a year ago
seholeee,2143,expert,https://www.kaggle.com/seholeee,0,0,9,47,a year ago
Uzair Siddiqui,2144,expert,https://www.kaggle.com/uzzivirus,0,0,5,47,a year ago
Naman Srivastava,2145,expert,https://www.kaggle.com/srivnaman,0,0,8,47,a year ago
Abdelrhman Ragab,2146,expert,https://www.kaggle.com/abdelrhmanragab,0,0,9,47,a year ago
Devang Vinci,2147,expert,https://www.kaggle.com/devangvinci,0,0,5,47,a year ago
Diana Laveena DSouza,2148,expert,https://www.kaggle.com/dianalaveena,0,0,6,47,a year ago
Ahmed_Adell30,2149,expert,https://www.kaggle.com/ahmedadell30,0,0,5,47,2 months ago
Vivek Srinivasan,2150,expert,https://www.kaggle.com/viveksrinivasan,3,1,4,46,9 years ago
Tomonori Masui,2151,expert,https://www.kaggle.com/tnmasui,1,3,2,46,7 years ago
Adeel Zafar,2152,expert,https://www.kaggle.com/adizafar,0,0,8,46,5 years ago
Tanrei(nama),2153,expert,https://www.kaggle.com/tanreinama,2,2,12,46,5 years ago
Zöhrab Ahundov,2154,master,https://www.kaggle.com/zohrab,0,10,1,46,5 years ago
ridhima garg,2155,expert,https://www.kaggle.com/ridhimagarg,0,0,5,46,5 years ago
Sugandh,2156,expert,https://www.kaggle.com/sugandhkhobragade,0,3,12,46,4 years ago
Parth Chokhra,2157,expert,https://www.kaggle.com/parthplc,0,2,13,46,4 years ago
Prabhakaran D,2158,expert,https://www.kaggle.com/get2jawa,0,2,3,46,4 years ago
Somang (So) Han,2159,expert,https://www.kaggle.com/somang1418,1,1,4,46,4 years ago
higepon,2160,expert,https://www.kaggle.com/higepon,0,2,5,46,4 years ago
Prakhar Prasad,2161,expert,https://www.kaggle.com/prakharprasad,0,0,8,46,4 years ago
Amit Hasan Shuvo,2162,expert,https://www.kaggle.com/amithasanshuvo,0,3,16,46,4 years ago
Ankit Maurya,2163,expert,https://www.kaggle.com/ajax0564,0,0,13,46,4 years ago
Nikit Periwal,2164,expert,https://www.kaggle.com/stoicstatic,0,1,6,46,3 years ago
AjayKumar,2165,expert,https://www.kaggle.com/ajaykumar7778,2,0,8,46,3 years ago
Duygu,2166,expert,https://www.kaggle.com/duyguatasever,0,1,5,46,3 years ago
Chiticariu Cristian,2167,expert,https://www.kaggle.com/chiticariucristian,0,2,6,46,3 years ago
Massimo,2168,expert,https://www.kaggle.com/massimot,0,0,5,46,3 years ago
Ashwin K Raghu,2169,expert,https://www.kaggle.com/holdmykaggle,0,3,3,46,2 years ago
J. William Hugh Dore,2170,expert,https://www.kaggle.com/jwilliamhughdore,1,2,2,46,2 years ago
Shrikant Shejwal,2171,expert,https://www.kaggle.com/shritech1404,0,0,10,46,2 years ago
Marcos Novaes,2172,expert,https://www.kaggle.com/marcosnovaes,1,1,7,46,2 years ago
Upamanyu Mukherjee,2173,expert,https://www.kaggle.com/upamanyumukherjee,0,1,5,46,2 years ago
geraseva,2174,expert,https://www.kaggle.com/geraseva,0,0,6,46,2 years ago
Craig Chilvers,2175,expert,https://www.kaggle.com/craigchilvers,0,0,5,46,2 years ago
Bright Ezeoha,2176,expert,https://www.kaggle.com/brightezeoha,0,0,8,46,2 years ago
Meysam Raz,2177,expert,https://www.kaggle.com/meisamraz,0,1,4,46,a year ago
Sahil Nimsarkar,2178,expert,https://www.kaggle.com/sahilnimsarkar,0,0,5,46,a year ago
$hardul_7,2179,expert,https://www.kaggle.com/shardulmehetar,0,1,7,46,a year ago
Maryam Firouzi,2180,expert,https://www.kaggle.com/maryamfirouzi,0,0,10,46,a year ago
eda_di1l,2181,expert,https://www.kaggle.com/edadi1l,0,0,5,46,a year ago
Anisha,2182,expert,https://www.kaggle.com/neesha12,0,0,5,46,a year ago
Dilek Bavlı,2183,expert,https://www.kaggle.com/dilekcay,0,1,4,46,a year ago
Vivek kumar,2184,expert,https://www.kaggle.com/krvivek03,0,0,6,46,a year ago
Omer Parlak,2185,expert,https://www.kaggle.com/omerparlak,0,0,6,46,a year ago
Okan Özkaya,2186,expert,https://www.kaggle.com/okanzkaya,0,0,6,46,9 months ago
mohamed ali salama,2187,expert,https://www.kaggle.com/mohamedalisalama,0,0,5,46,6 months ago
Manoj Gopalakrishna,2188,expert,https://www.kaggle.com/manojgowda65,0,0,5,46,3 months ago
Vignesh Baskaran,2189,expert,https://www.kaggle.com/vigneshbaskaran,0,2,5,45,7 years ago
Malay Agarwal,2190,expert,https://www.kaggle.com/defcodeking,0,0,7,45,5 years ago
Leonardo Mauro,2191,expert,https://www.kaggle.com/leomauro,0,0,7,45,5 years ago
Sanyam Bhutani,2192,expert,https://www.kaggle.com/init27,2,3,7,45,5 years ago
YoungJin Choi,2193,expert,https://www.kaggle.com/hidelloon,0,0,8,45,5 years ago
Eevee,2194,expert,https://www.kaggle.com/nxhong93,1,1,6,45,4 years ago
Derya Tanyıldız,2195,expert,https://www.kaggle.com/tanyildizderya,0,1,17,45,4 years ago
Man of the year,2196,expert,https://www.kaggle.com/manwithaflower,0,1,4,45,4 years ago
Sukanthen SS,2197,expert,https://www.kaggle.com/sukanthen,0,4,5,45,3 years ago
Anton Kostin,2198,expert,https://www.kaggle.com/visualcomments,0,0,7,45,3 years ago
Mohammad Imran Shaikh,2199,expert,https://www.kaggle.com/shikhnu,0,3,10,45,3 years ago
Siddhesh kadam,2200,expert,https://www.kaggle.com/siddheshkadam,0,0,7,45,3 years ago
Nayak Roshan,2201,expert,https://www.kaggle.com/nayakroshan,0,0,7,45,3 years ago
Harsh Kothari21,2202,expert,https://www.kaggle.com/harshkothari21,1,4,1,45,3 years ago
Sanchit Vijay,2203,expert,https://www.kaggle.com/sanchitvj,0,2,8,45,2 years ago
Buse Yıldırım,2204,expert,https://www.kaggle.com/buseyldrm,0,1,5,45,2 years ago
Samet Arda Erdogan,2205,expert,https://www.kaggle.com/sametardaerdogan,0,1,6,45,2 years ago
IshaDS,2206,expert,https://www.kaggle.com/ishadss,0,1,10,45,2 years ago
Michael Gwinn,2207,expert,https://www.kaggle.com/michaelgwinn,0,0,5,45,2 years ago
nima jehan,2208,expert,https://www.kaggle.com/nimajehan,0,0,9,45,2 years ago
ammaraahmad,2209,expert,https://www.kaggle.com/ammaraahmad,0,0,11,45,2 years ago
Sachin Sharma,2210,expert,https://www.kaggle.com/sachinudgam,0,0,7,45,a year ago
Bala Vashan,2211,expert,https://www.kaggle.com/balavashan,0,0,8,45,a year ago
gkitchen,2212,expert,https://www.kaggle.com/gkitchen,0,0,7,45,a year ago
Hasan Arcas,2213,expert,https://www.kaggle.com/hasanarcas,0,0,5,45,a year ago
20011912,2214,expert,https://www.kaggle.com/inyeongkang,0,0,6,45,a year ago
Faryar Memon,2215,expert,https://www.kaggle.com/faryarmemon,0,1,4,45,a year ago
Udit Sharma,2216,expert,https://www.kaggle.com/uditsharma72,0,0,6,45,a year ago
Dhinahar P,2217,expert,https://www.kaggle.com/dhinaharp,0,0,6,45,a year ago
Leandro Destefani,2218,expert,https://www.kaggle.com/leandrodestefani,0,0,7,45,a year ago
SOYOUNG PARK,2219,expert,https://www.kaggle.com/bell2psy,0,0,7,45,a year ago
Ahmad Al-Khateeb,2220,expert,https://www.kaggle.com/ahmadalkhateeb123,0,1,4,45,10 months ago
Oleg Panichev,2221,expert,https://www.kaggle.com/opanichev,3,4,12,44,8 years ago
alijs,2222,expert,https://www.kaggle.com/alijs1,1,6,4,44,6 years ago
Nilan,2223,expert,https://www.kaggle.com/nilanml,2,5,3,44,6 years ago
El Conde de Ñáñaño,2224,expert,https://www.kaggle.com/ottpocket,0,1,4,44,5 years ago
yuval reina,2225,expert,https://www.kaggle.com/yuval6967,1,4,0,44,5 years ago
KraLMachine,2226,expert,https://www.kaggle.com/kralmachine,3,2,4,44,5 years ago
"`,'- Vishal -`,'",2227,expert,https://www.kaggle.com/crashoverdrive,0,1,4,44,4 years ago
Vishnu U,2228,expert,https://www.kaggle.com/vishnu0399,0,0,7,44,4 years ago
Kirill,2229,expert,https://www.kaggle.com/kppetrov,0,2,6,44,4 years ago
Moiz Khan,2230,expert,https://www.kaggle.com/moizkhan11,0,0,7,44,3 years ago
Meghdad,2231,expert,https://www.kaggle.com/akmeghdad,0,0,8,44,3 years ago
hanieh ghaffari,2232,expert,https://www.kaggle.com/haniehghaffari,0,2,10,44,3 years ago
Harsh Walia,2233,expert,https://www.kaggle.com/harshwalia,0,0,8,44,3 years ago
Sparsh Gupta,2234,expert,https://www.kaggle.com/imsparsh,0,1,7,44,3 years ago
98hyun,2235,expert,https://www.kaggle.com/hwangchanghyun,0,0,8,44,3 years ago
Ahmed Ashraf Khalil,2236,expert,https://www.kaggle.com/ahmed121ashraf131,1,0,5,44,3 years ago
Farhan Hai Khan,2237,expert,https://www.kaggle.com/farhanhaikhan,0,0,8,44,3 years ago
Val Bauman,2238,expert,https://www.kaggle.com/valbauman,0,1,9,44,3 years ago
Saurav Joshi,2239,expert,https://www.kaggle.com/sauravjoshi23,0,4,4,44,2 years ago
GubanovDenis,2240,expert,https://www.kaggle.com/origent1,0,1,5,44,2 years ago
Jihen Belhoudi,2241,expert,https://www.kaggle.com/jihenbelhoudi,0,0,6,44,2 years ago
furu-nag,2242,expert,https://www.kaggle.com/kunihikofurugori,0,1,4,44,2 years ago
Sudip Ghosh,2243,expert,https://www.kaggle.com/sudipg411,0,1,7,44,2 years ago
Khaled Hamza,2244,expert,https://www.kaggle.com/kirasmith509,0,0,6,44,2 years ago
danb91,2245,expert,https://www.kaggle.com/danb91,0,0,5,44,2 years ago
Gaurav Malik,2246,expert,https://www.kaggle.com/gauravmalik26,0,0,5,44,2 years ago
Gaurang Thakur,2247,expert,https://www.kaggle.com/gaurangthakur,0,0,9,44,a year ago
Gaurav Lokhande,2248,expert,https://www.kaggle.com/gaurav126,0,1,5,44,a year ago
Sayan Saha,2249,expert,https://www.kaggle.com/sayansh001,0,0,5,44,a year ago
Gaurav Ramse,2250,expert,https://www.kaggle.com/ramsegaurav,0,1,7,44,a year ago
yalda jafari,2251,expert,https://www.kaggle.com/yaldajafari,0,3,3,44,a year ago
Astraz93,2252,expert,https://www.kaggle.com/astraz93,0,0,6,44,a year ago
Sagar Varandekar,2253,expert,https://www.kaggle.com/sagarvarandekar,0,0,5,44,a year ago
zahrahasanzadehh,2254,expert,https://www.kaggle.com/zahrahasanzadehh,0,1,5,44,a year ago
László Bebesi,2255,expert,https://www.kaggle.com/lszlbebesi,0,0,7,44,9 months ago
Vysakh M S,2256,expert,https://www.kaggle.com/vysakhvms,0,0,5,44,7 months ago
Rizqy Arya D,2257,expert,https://www.kaggle.com/rizqyad,0,0,7,44,5 months ago
Peter Hurford,2258,master,https://www.kaggle.com/peterhurford,3,9,5,43,8 years ago
Wojtek Rosinski,2259,expert,https://www.kaggle.com/wrosinski,2,1,12,43,7 years ago
sandy1112,2260,expert,https://www.kaggle.com/sandy1112,1,3,5,43,7 years ago
Sujata Roy,2261,expert,https://www.kaggle.com/sujataroy,0,0,5,43,5 years ago
Youri Matiounine,2262,expert,https://www.kaggle.com/ymatioun,1,2,5,43,5 years ago
Srinidhi,2263,expert,https://www.kaggle.com/ggsri123,0,0,11,43,4 years ago
samu2505,2264,expert,https://www.kaggle.com/samu2505,0,0,7,43,4 years ago
Jose Pérez Cano,2265,expert,https://www.kaggle.com/josepc,0,1,6,43,4 years ago
Neelima Jauhari,2266,expert,https://www.kaggle.com/nilimajauhari,0,5,6,43,4 years ago
Debjyoti Banerjee,2267,expert,https://www.kaggle.com/jl18pg052,0,0,13,43,3 years ago
Shivanand,2268,expert,https://www.kaggle.com/shivanandmn,1,1,5,43,3 years ago
arutema47,2269,expert,https://www.kaggle.com/kyoshioka47,0,5,1,43,3 years ago
Kamyar Azar,2270,expert,https://www.kaggle.com/kamyarazar,0,1,6,43,3 years ago
MEHMET KELEŞ,2271,expert,https://www.kaggle.com/mehmettt123,0,0,14,43,3 years ago
Aadhav Vignesh,2272,expert,https://www.kaggle.com/aadhavvignesh,1,0,7,43,3 years ago
Jędrzej Dudzicz,2273,expert,https://www.kaggle.com/jedrzejdudzicz,1,2,2,43,3 years ago
Atharv Chaudhari,2274,expert,https://www.kaggle.com/atharvchaudhari,0,2,5,43,3 years ago
shoku-pan,2275,expert,https://www.kaggle.com/yhirakawa,0,1,10,43,2 years ago
AshishSingh226,2276,expert,https://www.kaggle.com/ashishsingh226,0,0,9,43,2 years ago
deepak_915,2277,expert,https://www.kaggle.com/deepak915,0,0,6,43,2 years ago
Harshal Gadhe,2278,expert,https://www.kaggle.com/harshalgadhe,0,3,2,43,2 years ago
MaxiType,2279,expert,https://www.kaggle.com/maxitype,0,0,7,43,2 years ago
Abdallah Hassan22,2280,expert,https://www.kaggle.com/abdallahhassan22,0,0,5,43,2 years ago
Dorian VOYDIE,2281,expert,https://www.kaggle.com/dorianvoydie,0,0,8,43,a year ago
KANDHAL KHANDEKA,2282,expert,https://www.kaggle.com/kandhalkhandeka,0,0,7,43,a year ago
Siddharth Upadhyay,2283,expert,https://www.kaggle.com/sid3945,0,0,8,43,a year ago
Muhammet ZEYNELOGLU,2284,expert,https://www.kaggle.com/zeyneloglum,0,0,5,43,a year ago
Masoud Naghshbandi,2285,expert,https://www.kaggle.com/masoudnaghshbandi,0,0,5,43,a year ago
Burak Uzun,2286,expert,https://www.kaggle.com/burakuzn,0,0,9,43,a year ago
Mohamed Elgebaly,2287,expert,https://www.kaggle.com/mohamedelgebaly,0,0,5,43,a year ago
Mostafa Refaat,2288,expert,https://www.kaggle.com/mostafarefaatm,0,0,7,43,a year ago
kim yonghyun,2289,expert,https://www.kaggle.com/mirhyun0508,0,1,5,43,a year ago
pjmathematician,2290,expert,https://www.kaggle.com/pjmathematician,0,0,6,43,9 months ago
Sanjay M,2291,expert,https://www.kaggle.com/sanjay7013,0,0,7,43,9 months ago
D@Kg,2292,expert,https://www.kaggle.com/ddatad,0,0,5,43,7 months ago
Viktor Taran,2293,expert,https://www.kaggle.com/viktortaran,0,0,5,43,4 months ago
Anthony Goldbloom,2294,expert,https://www.kaggle.com/antgoldbloom,0,3,13,42,13 years ago
Shravan Kumar Koninti,2295,expert,https://www.kaggle.com/shravankoninti,0,2,8,42,10 years ago
SkyLord,2296,expert,https://www.kaggle.com/skylord,0,1,10,42,8 years ago
Swetha,2297,expert,https://www.kaggle.com/athews,0,0,7,42,7 years ago
GarethJones,2298,expert,https://www.kaggle.com/garethjns,2,2,5,42,7 years ago
ManasChourey,2299,expert,https://www.kaggle.com/choureymanas,0,1,5,42,6 years ago
reddy_nt,2300,expert,https://www.kaggle.com/tharunreddy,0,0,7,42,6 years ago
SEOL,2301,expert,https://www.kaggle.com/seol5463,0,0,5,42,6 years ago
Vlad Lee,2302,expert,https://www.kaggle.com/vladlee,0,0,9,42,5 years ago
Firas Baba,2303,expert,https://www.kaggle.com/rinnqd,0,3,3,42,5 years ago
kashishnaqvi,2304,expert,https://www.kaggle.com/kashishnaqvi,0,0,5,42,4 years ago
Aman Kumar,2305,expert,https://www.kaggle.com/aman10kr,0,2,9,42,4 years ago
sakami,2306,expert,https://www.kaggle.com/sakami,3,2,1,42,4 years ago
Rajesh kumar jha,2307,expert,https://www.kaggle.com/rajeshjnv,0,6,3,42,4 years ago
Hayato Iida,2308,expert,https://www.kaggle.com/iicyan,2,1,5,42,4 years ago
KhanhVD,2309,expert,https://www.kaggle.com/duykhanh99,2,1,7,42,4 years ago
Prateek,2310,expert,https://www.kaggle.com/prateekagnihotri,0,2,8,42,4 years ago
Alperen Çelik,2311,expert,https://www.kaggle.com/alperenclk,0,0,6,42,4 years ago
Furkan Güneştaş,2312,expert,https://www.kaggle.com/figfiglol,0,0,5,42,4 years ago
Yusuke Sato,2313,expert,https://www.kaggle.com/wanko123,0,0,5,42,4 years ago
Prajit T R,2314,expert,https://www.kaggle.com/prajittr,0,0,7,42,3 years ago
Berke Güneş,2315,expert,https://www.kaggle.com/berkesun,0,0,6,42,3 years ago
Rajdeep Agrawal,2316,expert,https://www.kaggle.com/raj26000,0,0,5,42,3 years ago
Darshan Jain,2317,expert,https://www.kaggle.com/darshanjain29,0,5,6,42,3 years ago
Dinesh Kumar Talaicha,2318,expert,https://www.kaggle.com/dktalaicha,1,1,8,42,3 years ago
Chittal Patel,2319,expert,https://www.kaggle.com/chittalpatel,2,2,1,42,3 years ago
Tom 99763,2320,expert,https://www.kaggle.com/tom99763,0,0,6,42,3 years ago
Nandalal D,2321,expert,https://www.kaggle.com/nandalald,0,1,6,42,3 years ago
deepak kumar,2322,expert,https://www.kaggle.com/mustang007,0,0,11,42,3 years ago
Pavan Tanniru,2323,expert,https://www.kaggle.com/pavantanniru,0,0,5,42,2 years ago
Koustav Banerjee,2324,expert,https://www.kaggle.com/kens3i,0,1,6,42,2 years ago
Asif Ahmad Shaik,2325,expert,https://www.kaggle.com/asifahmadshaik,0,0,6,42,2 years ago
Sanchita Karmakar,2326,expert,https://www.kaggle.com/sanchitakarmakar,1,1,3,42,2 years ago
HammadAsif,2327,expert,https://www.kaggle.com/hammad40241,0,1,8,42,2 years ago
Prabin Raj,2328,expert,https://www.kaggle.com/prabinraj,0,1,6,42,2 years ago
wine-planetary,2329,expert,https://www.kaggle.com/wineplanetary,1,2,2,42,2 years ago
Tarun Thakur,2330,expert,https://www.kaggle.com/tarunsolanki,0,1,7,42,2 years ago
Prabhat Gupta,2331,expert,https://www.kaggle.com/dawngupta,0,1,5,42,2 years ago
Ali A.Amiri,2332,expert,https://www.kaggle.com/aliaamiri,0,1,4,42,2 years ago
HRITHIK PURWAR,2333,expert,https://www.kaggle.com/hrithikpurwar,0,1,5,42,2 years ago
ANANTH R,2334,expert,https://www.kaggle.com/ananthr1,0,0,6,42,a year ago
Ibrahim Elsayed,2335,expert,https://www.kaggle.com/ibrahimelsayed182,0,0,6,42,a year ago
johyunkang,2336,expert,https://www.kaggle.com/johyunkang,0,0,6,42,a year ago
Naeem Ahmed,2337,expert,https://www.kaggle.com/naeemahmedhaji,0,0,6,42,a year ago
Gopal Goyal,2338,expert,https://www.kaggle.com/gopalgoyal612002,0,0,5,42,a year ago
Abdelaziz Elsawy,2339,expert,https://www.kaggle.com/abdelazizelsawy,0,0,6,42,10 months ago
Saurabh Prajapat,2340,expert,https://www.kaggle.com/saurabhprajapat,0,0,5,42,5 months ago
Catherine Rasgaitis,2341,expert,https://www.kaggle.com/catherinerasgaitis,0,0,5,42,4 months ago
Sole,2342,expert,https://www.kaggle.com/solegalli,0,1,7,41,7 years ago
OMAR ELGABRY,2343,expert,https://www.kaggle.com/omarelgabry,1,1,7,41,7 years ago
Michal Haltuf,2344,expert,https://www.kaggle.com/rejpalcz,2,2,3,41,6 years ago
Sirius,2345,expert,https://www.kaggle.com/trushk,0,0,6,41,5 years ago
Shubham Chaurasia,2346,expert,https://www.kaggle.com/zyper26,0,1,6,41,5 years ago
Baha Uluğ,2347,expert,https://www.kaggle.com/bahaulug,0,0,5,41,5 years ago
Fazil T,2348,expert,https://www.kaggle.com/fazilbtopal,1,0,6,41,5 years ago
Cooldude1,2349,expert,https://www.kaggle.com/akarsh1,0,2,3,41,5 years ago
oskird,2350,expert,https://www.kaggle.com/sz8416,2,2,1,41,5 years ago
Aditi Kothiya,2351,expert,https://www.kaggle.com/aditi81k,0,2,8,41,4 years ago
Hassan Amin,2352,expert,https://www.kaggle.com/hassanamin,0,0,12,41,4 years ago
jameschapman19,2353,expert,https://www.kaggle.com/jameschapman19,1,2,5,41,4 years ago
Simon Crase,2354,expert,https://www.kaggle.com/weka511,0,1,6,41,4 years ago
Melih Akdag,2355,expert,https://www.kaggle.com/akdagmelih,0,1,13,41,4 years ago
Steve-Lee,2356,expert,https://www.kaggle.com/leeyj0511,0,2,3,41,4 years ago
JamsilKaggle,2357,expert,https://www.kaggle.com/jamsilkaggle,0,5,0,41,4 years ago
Simone Giuri,2358,expert,https://www.kaggle.com/sgiuri,0,0,10,41,4 years ago
Abdulrahman Kamr,2359,expert,https://www.kaggle.com/abdokamr,0,2,6,41,4 years ago
Ahmed Ewida,2360,expert,https://www.kaggle.com/ahmedewida,0,1,9,41,4 years ago
Mai Ashraf,2361,expert,https://www.kaggle.com/maiashraf33,0,1,5,41,4 years ago
Tae Min,2362,expert,https://www.kaggle.com/laplace8,0,0,5,41,3 years ago
Mohamed Rizwan,2363,expert,https://www.kaggle.com/rizdelhi,0,0,11,41,3 years ago
Abhishek,2364,expert,https://www.kaggle.com/iabhishekmaurya,0,2,9,41,3 years ago
Anubha Singh,2365,expert,https://www.kaggle.com/cerolacia,0,2,5,41,3 years ago
Zacchaeus,2366,expert,https://www.kaggle.com/zacchaeus,0,0,6,41,3 years ago
Mohammad Rahim Khan,2367,expert,https://www.kaggle.com/khanrahim,0,3,3,41,3 years ago
Raj Gandhi,2368,expert,https://www.kaggle.com/rajgandhi,0,2,5,41,3 years ago
Dmitriy Kravtsov,2369,expert,https://www.kaggle.com/dmkravtsov,1,1,7,41,3 years ago
Amrita Chatterjee,2370,expert,https://www.kaggle.com/amritachatterjee09,0,4,3,41,2 years ago
Hotson Honet,2371,expert,https://www.kaggle.com/hotsonhonet,0,1,7,41,2 years ago
DavidCastillo,2372,expert,https://www.kaggle.com/scarecrow2020,0,3,3,41,2 years ago
Nina Almaamary,2373,expert,https://www.kaggle.com/ninamaamary,0,0,6,41,2 years ago
Bhavya Joshi,2374,expert,https://www.kaggle.com/bhavyajoshi02022000,0,1,10,41,2 years ago
tom.,2375,expert,https://www.kaggle.com/blessontomjoseph,0,0,6,41,2 years ago
Trixy Tea,2376,expert,https://www.kaggle.com/trixytea,0,1,4,41,2 years ago
İlayda Duratnir,2377,expert,https://www.kaggle.com/ilaydadu,0,3,3,41,2 years ago
Hamid Reza Bakhtaki,2378,expert,https://www.kaggle.com/hamidrezabakhtaki,0,1,4,41,2 years ago
Jack Jae Hwan Kim,2379,expert,https://www.kaggle.com/jackjaehwankim,0,0,7,41,2 years ago
Roman Netrebin,2380,expert,https://www.kaggle.com/imcr00z,0,1,6,41,2 years ago
TheYazilimci,2381,expert,https://www.kaggle.com/theyazilimci,0,0,6,41,a year ago
Mohsen Zanganeh,2382,expert,https://www.kaggle.com/mohsenpg,0,0,9,41,a year ago
Dalia sarhan,2383,expert,https://www.kaggle.com/daliasarhan,0,0,6,41,a year ago
Alsawy Mohamed,2384,expert,https://www.kaggle.com/alsawymohamed,0,0,6,41,a year ago
Houssem Amine Touihri,2385,expert,https://www.kaggle.com/houssemaminetouihri,0,0,5,41,a year ago
Unis,2386,expert,https://www.kaggle.com/jebonglee,0,0,5,41,a year ago
Bilal Suppal,2387,expert,https://www.kaggle.com/bilalsuppal,0,0,6,41,5 months ago
Abhilash Awasthi,2388,expert,https://www.kaggle.com/abhilashawasthi,0,4,5,40,7 years ago
Atom,2389,expert,https://www.kaggle.com/abhibisht89,0,0,6,40,6 years ago
Francke Peixoto,2390,expert,https://www.kaggle.com/franckepeixoto,0,0,11,40,5 years ago
averagemn,2391,expert,https://www.kaggle.com/donkeys,0,1,12,40,5 years ago
Raoul,2392,expert,https://www.kaggle.com/raoulma,3,1,3,40,5 years ago
DLao,2393,expert,https://www.kaggle.com/laowingkin,1,2,4,40,5 years ago
Ferhat Metin,2394,expert,https://www.kaggle.com/ferhatmetin34,0,2,12,40,5 years ago
Neeraj Mohan S,2395,expert,https://www.kaggle.com/neerajmohan,0,0,5,40,4 years ago
HyperBeam,2396,expert,https://www.kaggle.com/hyperbeam,0,2,5,40,4 years ago
Ali Zaidi,2397,expert,https://www.kaggle.com/alibaba19,0,0,9,40,4 years ago
Cankat Saraç,2398,expert,https://www.kaggle.com/cankatsrc,0,0,6,40,3 years ago
Igor Danilov,2399,expert,https://www.kaggle.com/zlobriy,0,0,6,40,3 years ago
Manav Dhamani,2400,expert,https://www.kaggle.com/mdhamani,0,2,7,40,3 years ago
Ayushi Mishra,2401,expert,https://www.kaggle.com/ayushimishra2809,0,5,3,40,3 years ago
That_Bag,2402,expert,https://www.kaggle.com/jahysama,0,0,8,40,3 years ago
Sagar Jiyani,2403,expert,https://www.kaggle.com/sagarjiyani,1,0,6,40,3 years ago
Sudhakor das Subeen,2404,expert,https://www.kaggle.com/sudhakordassubeen,0,2,8,40,2 years ago
Khushi Shahh,2405,expert,https://www.kaggle.com/khushishahh,0,1,7,40,2 years ago
Girish,2406,expert,https://www.kaggle.com/girish17019,0,0,6,40,2 years ago
Gaétan Dubuc,2407,expert,https://www.kaggle.com/gatandubuc,1,0,5,40,2 years ago
Harshit Tyagi,2408,expert,https://www.kaggle.com/hrtyagi,0,5,2,40,2 years ago
Ayushi Sharma,2409,expert,https://www.kaggle.com/ayushish12,0,0,8,40,2 years ago
abanob morgan,2410,expert,https://www.kaggle.com/abanobmorgan,0,0,6,40,2 years ago
Haydara,2411,expert,https://www.kaggle.com/junior10,0,1,5,40,2 years ago
Alaa Taha El Maria,2412,expert,https://www.kaggle.com/alaatahaelmaria,0,0,6,40,2 years ago
Sankalp Srivastava,2413,expert,https://www.kaggle.com/sankalpsrivastava26,0,0,7,40,2 years ago
Rashmita Karak,2414,expert,https://www.kaggle.com/rashmitakarak,0,0,5,40,2 years ago
Igor Prikhodko,2415,expert,https://www.kaggle.com/igorprikhodko,0,0,5,40,2 years ago
Muneeb Ahmed Abbasi,2416,expert,https://www.kaggle.com/muneebahmedabbasi,0,0,6,40,a year ago
Sergej Nuss,2417,expert,https://www.kaggle.com/sergejnuss,0,0,8,40,a year ago
Lake Arrowhead,2418,expert,https://www.kaggle.com/vaby667,0,1,4,40,a year ago
Sumeet Bohra,2419,expert,https://www.kaggle.com/sumeetbohra,0,0,6,40,a year ago
Mac Yves,2420,expert,https://www.kaggle.com/dylanyves,0,0,5,40,a year ago
Nizar Karkar,2421,expert,https://www.kaggle.com/nizarkarkar,0,0,6,40,10 months ago
itisnarayan43,2422,expert,https://www.kaggle.com/narayan63,0,0,5,40,4 months ago
Shehab Emad2,2423,expert,https://www.kaggle.com/shehabemad2,0,0,5,40,3 months ago
hoxosh,2424,expert,https://www.kaggle.com/cashfeg,0,2,3,39,11 years ago
arnab,2425,expert,https://www.kaggle.com/arnabbiswas1,0,1,7,39,8 years ago
Kerem Turgutlu,2426,expert,https://www.kaggle.com/keremt,0,2,14,39,7 years ago
Juanma Hernández,2427,expert,https://www.kaggle.com/juanmah,0,3,13,39,6 years ago
Shams Sultan,2428,expert,https://www.kaggle.com/shams1,0,0,9,39,6 years ago
Pradeep Muniasamy,2429,expert,https://www.kaggle.com/pradeepmuniasamy,1,5,6,39,5 years ago
Kamal,2430,expert,https://www.kaggle.com/kamalnaithani,1,1,4,39,5 years ago
Chloevan,2431,expert,https://www.kaggle.com/j2hoon85,0,1,5,39,5 years ago
Gireesh Sundaram,2432,expert,https://www.kaggle.com/gireeshs,0,2,6,39,5 years ago
Pawan Jain,2433,expert,https://www.kaggle.com/dude431,0,4,5,39,5 years ago
Heitor Rapela Medeiros,2434,expert,https://www.kaggle.com/rapela,0,0,12,39,5 years ago
Anton Bazdyrev,2435,expert,https://www.kaggle.com/abazdyrev,2,2,4,39,5 years ago
Alper Temel,2436,expert,https://www.kaggle.com/alpertemel,0,0,14,39,4 years ago
Nitesh Chaudhry,2437,expert,https://www.kaggle.com/niteshx2,1,3,2,39,4 years ago
NZ,2438,expert,https://www.kaggle.com/nz0722,2,1,2,39,4 years ago
fafinozzi,2439,expert,https://www.kaggle.com/fafinozzi,0,0,5,39,4 years ago
Chris Miles,2440,expert,https://www.kaggle.com/chrisrichardmiles,0,3,8,39,3 years ago
Piyush Agnihotri,2441,expert,https://www.kaggle.com/piyushagni5,0,2,3,39,3 years ago
Lourens Walters,2442,expert,https://www.kaggle.com/lourenswalters,0,3,3,39,3 years ago
ManjotSinghDhillon,2443,expert,https://www.kaggle.com/jatta3399,0,1,9,39,3 years ago
Sohag Ahammed Siyam,2444,expert,https://www.kaggle.com/espsiyam,0,2,4,39,3 years ago
Karim Negm,2445,expert,https://www.kaggle.com/kareem3egm,1,0,7,39,3 years ago
Jagadish Sivakumar,2446,expert,https://www.kaggle.com/jagadish13,0,2,8,39,3 years ago
Igal Bronshtein,2447,expert,https://www.kaggle.com/igalbronshtein,0,0,10,39,2 years ago
Souhardya Ganguly,2448,expert,https://www.kaggle.com/souhardyaganguly,0,5,3,39,2 years ago
Marco Polo,2449,expert,https://www.kaggle.com/polomarco,0,1,5,39,2 years ago
Jaime Becerra Guerrero,2450,expert,https://www.kaggle.com/jaimebecerraguerrero,0,1,8,39,2 years ago
Yatin Deshpande,2451,expert,https://www.kaggle.com/yatindeshpande,0,0,6,39,2 years ago
Sidharth Kumar Mohanty,2452,expert,https://www.kaggle.com/sidharth178,0,1,8,39,2 years ago
Hewarathna Ashen Iranga,2453,expert,https://www.kaggle.com/asheniranga,0,0,5,39,2 years ago
Abdallah Mahmoud Elsayed,2454,expert,https://www.kaggle.com/abdallahmahmoud,0,2,3,39,2 years ago
Maryam sharifi,2455,expert,https://www.kaggle.com/maryamsharifi,0,1,8,39,2 years ago
Yasin Naal,2456,expert,https://www.kaggle.com/yasinnaal,0,0,6,39,2 years ago
Ezgi Orhan,2457,expert,https://www.kaggle.com/ezgiorhan,0,2,3,39,2 years ago
Ritika Gupta,2458,expert,https://www.kaggle.com/ritzig,0,1,4,39,2 years ago
M. Hossein Hashemi,2459,expert,https://www.kaggle.com/mohammadhossein77,0,0,6,39,2 years ago
Epsilon,2460,expert,https://www.kaggle.com/cherub8128,0,0,6,39,2 years ago
Mohammad Hossein Givkashi,2461,expert,https://www.kaggle.com/givkashi,0,0,5,39,a year ago
Artem Burenok,2462,expert,https://www.kaggle.com/artemburenok,0,0,6,39,a year ago
SandeepN,2463,expert,https://www.kaggle.com/sandeep2812,0,1,4,39,a year ago
Mikaeel Z,2464,expert,https://www.kaggle.com/mikaeelzaidi,0,0,8,39,a year ago
Pooja Pramanik,2465,expert,https://www.kaggle.com/poojapramanik,0,0,7,39,a year ago
AymnSh,2466,expert,https://www.kaggle.com/aymnsh,0,0,6,39,8 months ago
Milan Vaddoriya,2467,expert,https://www.kaggle.com/milanvaddoriya,0,0,6,39,8 months ago
Lucas_pimeentel,2468,expert,https://www.kaggle.com/lucaspimeentel,0,0,5,39,7 months ago
Mukul Deshantri,2469,expert,https://www.kaggle.com/mukuldeshantri,0,0,5,39,6 months ago
ONODERA,2470,expert,https://www.kaggle.com/onodera,1,2,8,38,8 years ago
Matt Motoki,2471,expert,https://www.kaggle.com/mmotoki,1,5,5,38,8 years ago
mavillan,2472,expert,https://www.kaggle.com/mavillan,0,0,5,38,7 years ago
Lorenzo Ampil,2473,expert,https://www.kaggle.com/enzoamp,2,1,2,38,7 years ago
Niraj Verma,2474,expert,https://www.kaggle.com/nirajvermafcb,3,1,2,38,6 years ago
daisukelab,2475,expert,https://www.kaggle.com/daisukelab,2,3,5,38,5 years ago
Kim Pro,2476,expert,https://www.kaggle.com/waterfirst,0,0,6,38,5 years ago
Venkataramanan Krishnan,2477,expert,https://www.kaggle.com/venkatkrishnan,0,0,14,38,5 years ago
AbhilashMajumder,2478,expert,https://www.kaggle.com/abhilash1910,0,1,5,38,5 years ago
SkalskiP,2479,expert,https://www.kaggle.com/skalskip,0,4,5,38,5 years ago
Debadri Dutta,2480,expert,https://www.kaggle.com/duttadebadri,0,8,5,38,5 years ago
SDSTony,2481,expert,https://www.kaggle.com/jiny333,0,2,3,38,5 years ago
Valentin Biryukov,2482,expert,https://www.kaggle.com/valentinbiryukov,0,0,9,38,4 years ago
Mehmet Sungur,2483,expert,https://www.kaggle.com/medyasun,0,1,9,38,4 years ago
Harshul Agarwal,2484,expert,https://www.kaggle.com/harshul23,0,1,4,38,4 years ago
Furkan Kurşun,2485,expert,https://www.kaggle.com/drfrank,0,1,11,38,4 years ago
Pranav Anand,2486,expert,https://www.kaggle.com/pranavanand24,0,5,1,38,4 years ago
kukuleta,2487,expert,https://www.kaggle.com/ismaildennizli,0,0,5,38,3 years ago
Sandeep Kumar,2488,expert,https://www.kaggle.com/aitude,1,2,4,38,3 years ago
Raphael Kalandadze,2489,expert,https://www.kaggle.com/rafffael,0,0,5,38,3 years ago
Tarun Tiwari,2490,expert,https://www.kaggle.com/taruntiwarihp,0,0,8,38,3 years ago
Cemhan Şenol,2491,expert,https://www.kaggle.com/cemhansenol98,0,0,11,38,3 years ago
Rakshith S P,2492,expert,https://www.kaggle.com/sprakshith,0,3,2,38,3 years ago
tefuxu,2493,expert,https://www.kaggle.com/ejunichi,0,1,5,38,3 years ago
Rémi Perrier,2494,expert,https://www.kaggle.com/rmiperrier,1,0,5,38,3 years ago
Purvansh Singh,2495,expert,https://www.kaggle.com/purvanshsingh,0,2,3,38,3 years ago
Jeffrey Braun,2496,expert,https://www.kaggle.com/jeffreybraun,0,0,17,38,3 years ago
Mehmet Ramazan Ektirir,2497,expert,https://www.kaggle.com/mehmetramazanektirir,0,0,5,38,3 years ago
Mohamed Nabil,2498,expert,https://www.kaggle.com/mohamednabill7,0,1,7,38,2 years ago
Sujan Shirol,2499,expert,https://www.kaggle.com/sujan97,0,5,3,38,2 years ago
Atul Singh,2500,expert,https://www.kaggle.com/atulyaatul1999,0,2,5,38,2 years ago
Vaibhav1257,2501,expert,https://www.kaggle.com/vaibhavrmankar,0,1,6,38,2 years ago
Sweta Shaw,2502,expert,https://www.kaggle.com/swetash,0,1,7,38,2 years ago
Javad Maddah,2503,expert,https://www.kaggle.com/javadmaddah,0,0,10,38,2 years ago
Rushikesh Darge,2504,expert,https://www.kaggle.com/rushikeshdarge,0,1,6,38,2 years ago
Zayan Makar,2505,expert,https://www.kaggle.com/zayanmakar,0,1,7,38,2 years ago
Shubhendu Mishra,2506,expert,https://www.kaggle.com/shubhendumishra11,0,2,4,38,2 years ago
Hiroshi Sakiyama,2507,expert,https://www.kaggle.com/hiroshisakiyama,0,0,8,38,2 years ago
Nitesh Ranjan Singh,2508,expert,https://www.kaggle.com/niteshranjansingh,0,1,7,38,2 years ago
Sachin Khandewal,2509,expert,https://www.kaggle.com/sachink1729,0,0,6,38,2 years ago
Cameron858,2510,expert,https://www.kaggle.com/cameron858,0,0,6,38,2 years ago
Vijay V Venkitesh,2511,expert,https://www.kaggle.com/vijayvvenkitesh,0,0,7,38,2 years ago
Anandaram Ganapathi,2512,expert,https://www.kaggle.com/anandaramg,0,0,6,38,2 years ago
Reza Nematollahi,2513,expert,https://www.kaggle.com/rezanematollahi,0,0,8,38,2 years ago
Chiru12,2514,expert,https://www.kaggle.com/chiru12,0,1,4,38,2 years ago
zocainviken,2515,expert,https://www.kaggle.com/zocainviken,0,1,4,38,2 years ago
Rizky Anugrah Ananto,2516,expert,https://www.kaggle.com/rizkykiky,0,0,5,38,a year ago
Sourabh Sawant,2517,expert,https://www.kaggle.com/sourabh2001,0,0,5,38,a year ago
Mitesh Soni,2518,expert,https://www.kaggle.com/miteshsoni,0,0,5,38,a year ago
Abinanthan K,2519,expert,https://www.kaggle.com/abinanthank,0,0,6,38,a year ago
Cansin Kutlucan,2520,expert,https://www.kaggle.com/cansinkutlucan,0,0,5,38,a year ago
Yash Gupta,2521,expert,https://www.kaggle.com/yashgupta24,0,1,4,38,a year ago
Aniqah Naowar Shondhi,2522,expert,https://www.kaggle.com/aniqahnaowar,0,0,6,38,a year ago
Eunjung Choi,2523,expert,https://www.kaggle.com/goyami,0,0,5,38,10 months ago
k-aniket47,2524,expert,https://www.kaggle.com/aniketkumar1,0,0,5,38,10 months ago
FuTurisTic,2525,expert,https://www.kaggle.com/nabilajahan,0,0,5,38,10 months ago
Hossein Dahaei,2526,expert,https://www.kaggle.com/hosseindahaei,0,0,6,38,9 months ago
Minesh A. Jethva,2527,expert,https://www.kaggle.com/mineshjethva,0,0,7,37,7 years ago
ifashion,2528,expert,https://www.kaggle.com/ifashion,0,0,7,37,7 years ago
Chris Crawford,2529,expert,https://www.kaggle.com/crawford,2,7,13,37,7 years ago
Nitish,2530,expert,https://www.kaggle.com/nitishraj,0,0,5,37,6 years ago
Moghazy,2531,expert,https://www.kaggle.com/moghazy,1,2,5,37,6 years ago
Matthew Masters,2532,expert,https://www.kaggle.com/matthewmasters,0,3,4,37,6 years ago
Chris Solomou,2533,expert,https://www.kaggle.com/christodoulos,0,2,4,37,5 years ago
Shubham,2534,expert,https://www.kaggle.com/shubham47,0,0,11,37,5 years ago
Seda Kayademir,2535,expert,https://www.kaggle.com/kayademirs,0,2,8,37,5 years ago
Derrick Mwiti,2536,expert,https://www.kaggle.com/derrickmwiti,0,0,9,37,5 years ago
delai50,2537,expert,https://www.kaggle.com/delai50,0,0,7,37,5 years ago
Blesson Densil,2538,expert,https://www.kaggle.com/blessondensil294,0,4,4,37,5 years ago
Rashmi,2539,expert,https://www.kaggle.com/rashmiek99,0,0,6,37,5 years ago
Zoumana,2540,expert,https://www.kaggle.com/keitazoumana,0,0,10,37,5 years ago
TaeJin Kim,2541,expert,https://www.kaggle.com/fulrose,1,2,2,37,4 years ago
hiromasat,2542,expert,https://www.kaggle.com/hiromasatabuchi,1,0,4,37,4 years ago
hayri,2543,expert,https://www.kaggle.com/hayriyigit,0,0,5,37,4 years ago
Alexandre Sauvé,2544,expert,https://www.kaggle.com/asauve,3,1,2,37,4 years ago
lvalencia,2545,expert,https://www.kaggle.com/lvalencia,0,0,9,37,3 years ago
BiteMe,2546,expert,https://www.kaggle.com/axzhang,0,0,7,37,3 years ago
Prikshit Singla,2547,expert,https://www.kaggle.com/prikshitsingla,0,1,4,37,3 years ago
Rida Amjad,2548,expert,https://www.kaggle.com/ridaamjad,0,1,4,37,3 years ago
Mahmoud Reda,2549,expert,https://www.kaggle.com/mahmoudreda55,0,0,8,37,3 years ago
Niraj,2550,expert,https://www.kaggle.com/nirajpoudel,0,3,6,37,3 years ago
Itokiana RAFIDINARIVO,2551,expert,https://www.kaggle.com/itokianarafidinarivo,0,0,10,37,3 years ago
Sean Hong,2552,expert,https://www.kaggle.com/hongsean,0,3,4,37,3 years ago
Youseef Mo'men,2553,expert,https://www.kaggle.com/youseefmoemen,0,0,5,37,2 years ago
Abhishek Kumar,2554,expert,https://www.kaggle.com/uniabhi,0,0,10,37,2 years ago
hossam rizk,2555,expert,https://www.kaggle.com/hossamrizk,0,0,6,37,2 years ago
Deeksha Rai,2556,expert,https://www.kaggle.com/deeksharai,0,3,2,37,2 years ago
Sanchit Goel,2557,expert,https://www.kaggle.com/sanchman,0,0,6,37,2 years ago
Chika Sasaki,2558,expert,https://www.kaggle.com/sasakic,0,0,5,37,2 years ago
Joanne Anto,2559,expert,https://www.kaggle.com/joanneanto,0,2,3,37,2 years ago
csj4032,2560,expert,https://www.kaggle.com/csj4032,0,0,6,37,2 years ago
Marco Gherbezza,2561,expert,https://www.kaggle.com/marcogherbezza,0,0,6,37,2 years ago
Laurin Brechter,2562,expert,https://www.kaggle.com/laurinbrechter,0,0,5,37,2 years ago
Binu Thomas Philip,2563,expert,https://www.kaggle.com/binuthomasphilip,0,0,11,37,2 years ago
Alampal Singh,2564,expert,https://www.kaggle.com/alampalsingh,0,2,4,37,2 years ago
bse,2565,expert,https://www.kaggle.com/bserdogan,0,1,5,37,2 years ago
hasanat lodhi,2566,expert,https://www.kaggle.com/hasanatlodhi,0,0,5,37,2 years ago
Alhassan Mohamed,2567,expert,https://www.kaggle.com/alhassanmohamed,0,0,6,37,2 years ago
Omkar Patil,2568,expert,https://www.kaggle.com/omkarpatil0217,0,1,5,37,2 years ago
Ismail ELBOUKNIFY,2569,expert,https://www.kaggle.com/ismailelbouknify,0,0,6,37,a year ago
Najeeb Ahmed Bhuiyan,2570,expert,https://www.kaggle.com/najeebahmadbhuiyan,0,0,8,37,a year ago
Gamze Akman,2571,expert,https://www.kaggle.com/gamzeakman,0,0,5,37,a year ago
Esrin Sari,2572,expert,https://www.kaggle.com/esrinsari,0,0,9,37,a year ago
Abdullah Hamdy,2573,expert,https://www.kaggle.com/abdo977,0,0,5,37,9 months ago
Abdallh Werby,2574,expert,https://www.kaggle.com/abdallhwerby,0,0,5,37,4 months ago
Ramin Haghjou,2575,expert,https://www.kaggle.com/shirazumlintraminhaghjou,0,1,5,36,11 years ago
Wendy Kan,2576,expert,https://www.kaggle.com/wendykan,3,4,3,36,11 years ago
Krishna,2577,expert,https://www.kaggle.com/krishnakalyan3,0,1,8,36,10 years ago
BlueDragon,2578,expert,https://www.kaggle.com/zenstat,0,2,5,36,9 years ago
jayjay,2579,expert,https://www.kaggle.com/jayjay75,0,2,8,36,8 years ago
Tomasz Bartczak,2580,expert,https://www.kaggle.com/kretes,0,1,6,36,8 years ago
gopalm-ai,2581,expert,https://www.kaggle.com/gopalmahadevan,0,1,6,36,7 years ago
Maxwell,2582,expert,https://www.kaggle.com/maxwell110,2,3,3,36,7 years ago
Devanshu Ramaiya,2583,expert,https://www.kaggle.com/devanshu125,0,1,6,36,5 years ago
Rafael,2584,expert,https://www.kaggle.com/aussie84,0,0,7,36,5 years ago
Prince Grover,2585,expert,https://www.kaggle.com/grroverpr,1,2,4,36,5 years ago
vikashrajluhaniwal,2586,expert,https://www.kaggle.com/vikashrajluhaniwal,0,0,11,36,5 years ago
Lastnight,2587,expert,https://www.kaggle.com/tanetboss,2,0,3,36,5 years ago
Dwarika Teli,2588,expert,https://www.kaggle.com/dwarika,0,4,3,36,5 years ago
Santosh kumar,2589,expert,https://www.kaggle.com/santoshd3,0,0,6,36,5 years ago
Anmol Kumar,2590,expert,https://www.kaggle.com/anmolkumar,0,3,8,36,5 years ago
Anil,2591,expert,https://www.kaggle.com/anlgrbz,0,2,4,36,4 years ago
Duygu,2592,expert,https://www.kaggle.com/duygut,0,4,2,36,4 years ago
Sharan Sajiv Menon,2593,expert,https://www.kaggle.com/sharansmenon,0,0,5,36,4 years ago
Advait Kale,2594,expert,https://www.kaggle.com/uniquekale,0,2,3,36,4 years ago
Ghaiyur,2595,expert,https://www.kaggle.com/ghaiyur,0,2,4,36,4 years ago
Jonny Lee,2596,expert,https://www.kaggle.com/wuliaokaola,2,2,4,36,4 years ago
alperiox,2597,expert,https://www.kaggle.com/raqhea,0,0,5,36,4 years ago
Ainaz Jamshidi,2598,expert,https://www.kaggle.com/jam74001,0,1,7,36,4 years ago
Prageeth Anjula,2599,expert,https://www.kaggle.com/praanj,0,3,7,36,4 years ago
Valentine,2600,expert,https://www.kaggle.com/erelin6613,0,2,12,36,4 years ago
01010101,2601,expert,https://www.kaggle.com/osamurai,0,1,4,36,4 years ago
Navin Mundhra,2602,expert,https://www.kaggle.com/navinmundhra,1,2,5,36,4 years ago
Suyash Pratap Singh,2603,expert,https://www.kaggle.com/suyashpratapsingh,0,0,9,36,3 years ago
Shefali Chandra,2604,expert,https://www.kaggle.com/cshefali,0,0,5,36,3 years ago
Catadanna,2605,expert,https://www.kaggle.com/catadanna,0,0,11,36,3 years ago
SidHarkal,2606,expert,https://www.kaggle.com/sidharkal,0,0,6,36,3 years ago
QASIM HASSAN,2607,expert,https://www.kaggle.com/qasimhassan,0,1,4,36,3 years ago
Manish Sharma,2608,expert,https://www.kaggle.com/monal007,0,1,9,36,3 years ago
Soorya Prakash,2609,expert,https://www.kaggle.com/sooryaprakash12,0,1,4,36,3 years ago
Muhammad Ahmad,2610,expert,https://www.kaggle.com/ahmadiub,0,0,5,36,3 years ago
Virat Kothari,2611,expert,https://www.kaggle.com/viratkothari,0,0,13,36,3 years ago
Dilek Barutcu,2612,expert,https://www.kaggle.com/dilekbarutu,0,1,5,36,3 years ago
Ewoud Brouwer,2613,expert,https://www.kaggle.com/ewoudb95,0,0,7,36,3 years ago
Dhiya Ulhaq Rifqi,2614,expert,https://www.kaggle.com/dhiiyaur,0,2,4,36,3 years ago
Yash Khandelwal,2615,expert,https://www.kaggle.com/yashk07,0,3,8,36,3 years ago
Christian Lillelund,2616,expert,https://www.kaggle.com/christianlillelund,0,0,17,36,2 years ago
Mahmoud Alaa,2617,expert,https://www.kaggle.com/mahmoudalaa01010101,0,2,5,36,2 years ago
Shiv Kumar Ganesh,2618,expert,https://www.kaggle.com/shivkumarganesh,0,0,6,36,2 years ago
Manasi Chhibber,2619,expert,https://www.kaggle.com/manasichhibber,0,1,9,36,2 years ago
Basel Ayman,2620,expert,https://www.kaggle.com/basel99,0,0,9,36,2 years ago
Signour Melo,2621,expert,https://www.kaggle.com/sinoro12,0,1,4,36,2 years ago
ARCHANA NARAYANAN,2622,expert,https://www.kaggle.com/archananarayanan,0,0,6,36,2 years ago
Amartya Nambiar,2623,expert,https://www.kaggle.com/amartyanambiar,0,0,8,36,2 years ago
Purvit Vashishtha,2624,expert,https://www.kaggle.com/purvitsharma,0,0,8,36,2 years ago
Michal Ashkenazi,2625,expert,https://www.kaggle.com/michalashkenazi,0,2,3,36,2 years ago
Saruhan Gungor,2626,expert,https://www.kaggle.com/saruhangngr,0,1,5,36,2 years ago
Shristi Srivastava,2627,expert,https://www.kaggle.com/shristi13sri,0,0,5,36,a year ago
akın karadeniz,2628,expert,https://www.kaggle.com/aknkaradeniz,0,0,7,36,a year ago
Md. Jafril Alam Shihab,2629,expert,https://www.kaggle.com/mdjafrilalamshihab,0,0,6,36,a year ago
Impostor Engineer,2630,expert,https://www.kaggle.com/impostorengineer,0,1,4,36,10 months ago
Rami Ashraf,2631,expert,https://www.kaggle.com/ramiashraf,0,0,5,36,7 months ago
Chia-Ta Tsai,2632,expert,https://www.kaggle.com/cttsai,1,6,17,35,8 years ago
LPLenka,2633,expert,https://www.kaggle.com/lplenka,0,3,3,35,6 years ago
AbhinavJhanwar,2634,expert,https://www.kaggle.com/abhinavjhanwar,0,0,9,35,5 years ago
CoreyLevinson,2635,expert,https://www.kaggle.com/returnofsputnik,0,3,12,35,5 years ago
Sammy Klasfeld,2636,expert,https://www.kaggle.com/sklasfeld,0,1,6,35,5 years ago
Liao,2637,expert,https://www.kaggle.com/alexanderliao,2,1,8,35,5 years ago
plasticgrammer,2638,expert,https://www.kaggle.com/plasticgrammer,3,2,5,35,5 years ago
Ayush Dosajh,2639,expert,https://www.kaggle.com/ash1706,0,1,7,35,5 years ago
noidea,2640,expert,https://www.kaggle.com/lars123,0,1,4,35,5 years ago
unofficialmerve,2641,expert,https://www.kaggle.com/unofficialmerve,0,0,6,35,5 years ago
Adnan Zaidi,2642,expert,https://www.kaggle.com/adnanzaidi,0,1,5,35,5 years ago
Vishnu R,2643,expert,https://www.kaggle.com/vishnurapps,0,3,6,35,5 years ago
Tomas Mantero,2644,expert,https://www.kaggle.com/tomasmantero,0,2,5,35,4 years ago
Yash Choudhary,2645,expert,https://www.kaggle.com/yashchoudhary,1,1,5,35,4 years ago
Narges Sedrehneshin,2646,expert,https://www.kaggle.com/narsiis23,0,3,2,35,4 years ago
Görkem Günay,2647,expert,https://www.kaggle.com/gorkemgunay,0,4,2,35,4 years ago
pranshu,2648,expert,https://www.kaggle.com/pranshu29,1,3,2,35,4 years ago
Mansi,2649,expert,https://www.kaggle.com/nancydrew,0,0,6,35,4 years ago
Laila El Mahmoudi,2650,expert,https://www.kaggle.com/lailaelmahmoudi123,0,2,5,35,4 years ago
M.D.Luffy,2651,expert,https://www.kaggle.com/sravanneeli,0,0,5,35,4 years ago
Tenebris97,2652,expert,https://www.kaggle.com/tenebris97,0,0,6,35,3 years ago
Rupesh Deshmukh,2653,expert,https://www.kaggle.com/rude009,0,3,5,35,3 years ago
TheBigTicket,2654,expert,https://www.kaggle.com/alexalex02,0,3,3,35,3 years ago
Meenakshi,2655,expert,https://www.kaggle.com/meenakshiramaswamy,0,0,8,35,3 years ago
DiegoJohnson,2656,expert,https://www.kaggle.com/diegojohnson,1,3,3,35,3 years ago
Jakub Jaszczyk,2657,expert,https://www.kaggle.com/jjmewtw,0,1,9,35,3 years ago
David Anim-Addo,2658,expert,https://www.kaggle.com/davidanimaddo,0,0,5,35,3 years ago
Muhammet Ikbal Elek,2659,expert,https://www.kaggle.com/mielek,0,5,6,35,3 years ago
Travis T.,2660,expert,https://www.kaggle.com/travistyler,0,1,6,35,3 years ago
Vaibhav Kumar,2661,expert,https://www.kaggle.com/drvaibhavkumar,0,2,10,35,3 years ago
Vinay Shaw,2662,expert,https://www.kaggle.com/vinayshaw,0,4,4,35,3 years ago
__n1kshaN__,2663,expert,https://www.kaggle.com/sudarshanpatil,0,0,17,35,3 years ago
Paulo Breviglieri,2664,expert,https://www.kaggle.com/pcbreviglieri,1,2,2,35,3 years ago
Vishal Vanpariya,2665,expert,https://www.kaggle.com/vishalvanpariya,1,3,1,35,3 years ago
Sanjay V,2666,expert,https://www.kaggle.com/sanjayv007,0,1,4,35,3 years ago
Dmitrii Veselov,2667,expert,https://www.kaggle.com/dmitriyveselov,0,0,9,35,2 years ago
apoooooorv,2668,expert,https://www.kaggle.com/apoorvaggarwal29,0,0,6,35,2 years ago
Sayantan Sadhu,2669,expert,https://www.kaggle.com/sayantansadhu,0,0,9,35,2 years ago
Mohit Karelia,2670,expert,https://www.kaggle.com/mohitkarelia,0,0,6,35,2 years ago
Vrajesh Babu,2671,expert,https://www.kaggle.com/vrajeshbabu,0,0,7,35,2 years ago
Ruchi Bhadauria,2672,expert,https://www.kaggle.com/ruchibhadauria,0,0,6,35,2 years ago
"Lee, Sang Heun",2673,expert,https://www.kaggle.com/leesangheun,0,0,6,35,2 years ago
Oleksii Galganov,2674,expert,https://www.kaggle.com/yalikesifulei,0,1,4,35,2 years ago
Sudhanshu Singh,2675,expert,https://www.kaggle.com/billiemage,0,1,4,35,2 years ago
Gudise Saichand,2676,expert,https://www.kaggle.com/gudisesaichand,0,0,7,35,2 years ago
Raveh Gill-More,2677,expert,https://www.kaggle.com/ravehgillmore,0,1,4,35,2 years ago
Hassan Shahin,2678,expert,https://www.kaggle.com/hassanshahin,0,0,6,35,2 years ago
H. Emir Can,2679,expert,https://www.kaggle.com/aerospacer,0,0,6,35,a year ago
Akriti Sood,2680,expert,https://www.kaggle.com/akritisood175,0,0,5,35,a year ago
serdar caglar,2681,expert,https://www.kaggle.com/serdarcaglar,0,0,7,35,a year ago
Yu Hyeonjong Jay,2682,expert,https://www.kaggle.com/yuhyeonjongjay,0,0,7,35,a year ago
Abdullah Ayad,2683,expert,https://www.kaggle.com/abdullah3yad,0,0,5,35,a year ago
Asatbek,2684,expert,https://www.kaggle.com/asatbek,0,0,7,35,a year ago
Deniz Can Oguz,2685,expert,https://www.kaggle.com/denizcanoguz,0,0,6,35,a year ago
Aravind A S,2686,expert,https://www.kaggle.com/aravindas01,0,1,4,35,a year ago
Gamze BAYIR,2687,expert,https://www.kaggle.com/gamzebayir,0,0,5,35,10 months ago
LEEYONGBIN,2688,expert,https://www.kaggle.com/leeyongbin,0,0,6,35,9 months ago
Abdallah Saad Elgendy,2689,expert,https://www.kaggle.com/abdallahsaadelgendy,0,0,5,35,2 months ago
toshi_k,2690,expert,https://www.kaggle.com/toshik,2,1,5,34,9 years ago
LG,2691,expert,https://www.kaggle.com/loicge,0,0,5,34,6 years ago
Fred Navruzov,2692,expert,https://www.kaggle.com/frednavruzov,4,5,4,34,6 years ago
Satya Thirumani,2693,expert,https://www.kaggle.com/thirumani,0,1,4,34,5 years ago
Robin Lemke,2694,expert,https://www.kaggle.com/skiplik,0,1,8,34,5 years ago
Zac Dannelly,2695,expert,https://www.kaggle.com/dannellyz,0,3,5,34,5 years ago
Miguel Pinto,2696,expert,https://www.kaggle.com/mnpinto,2,1,4,34,5 years ago
Hung The Nguyen,2697,expert,https://www.kaggle.com/hung96ad,2,2,6,34,4 years ago
Tarandeep Singh,2698,expert,https://www.kaggle.com/tarandeep97,0,1,4,34,4 years ago
Aditya Mahimkar,2699,expert,https://www.kaggle.com/adityamahimkar,0,0,5,34,4 years ago
Vishnu Karthiklu,2700,expert,https://www.kaggle.com/vishnukarthiklu,0,0,5,34,4 years ago
Gaurav Sharma,2701,expert,https://www.kaggle.com/gauravsharma99,0,2,3,34,4 years ago
Abhijith Chandra Das,2702,expert,https://www.kaggle.com/abhijithchandradas,0,1,12,34,4 years ago
Nakul Singh,2703,expert,https://www.kaggle.com/nakulsingh1289,0,5,0,34,4 years ago
Salman Chen,2704,expert,https://www.kaggle.com/salmanhiro,0,0,13,34,4 years ago
Timothy Abwao,2705,expert,https://www.kaggle.com/timothyabwao,0,0,5,34,3 years ago
Ayush Yadav,2706,expert,https://www.kaggle.com/smokingkrils,0,0,8,34,3 years ago
Habib Gültekin,2707,expert,https://www.kaggle.com/hgultekin,0,2,9,34,3 years ago
Rashmi,2708,expert,https://www.kaggle.com/rashmiranu,0,1,5,34,3 years ago
Ayushi Kaushik,2709,expert,https://www.kaggle.com/ayushikaushik,0,1,10,34,3 years ago
iffy_,2710,expert,https://www.kaggle.com/irfanmansuri,0,0,16,34,3 years ago
Rahul V V,2711,expert,https://www.kaggle.com/rahulvv,0,2,6,34,3 years ago
BARKHA VERMA,2712,expert,https://www.kaggle.com/barkhaverma,0,2,8,34,3 years ago
Trinadh Singaladevi,2713,expert,https://www.kaggle.com/trinadhsingaladevi,0,1,10,34,3 years ago
Ayşe Nur Türkaslan,2714,expert,https://www.kaggle.com/nurrturkaslan,0,0,8,34,3 years ago
Neeraj Karoshi,2715,expert,https://www.kaggle.com/neerajkaroshi,0,0,5,34,3 years ago
yokuyama,2716,expert,https://www.kaggle.com/yokuyama,0,0,5,34,3 years ago
Sevgi SY,2717,expert,https://www.kaggle.com/sevgisarac,0,2,5,34,3 years ago
Anoop Kumar,2718,expert,https://www.kaggle.com/anoopashware,0,1,5,34,2 years ago
Hammad Ali,2719,expert,https://www.kaggle.com/hammaadali,0,1,6,34,2 years ago
samsatp,2720,expert,https://www.kaggle.com/sathianpong,0,0,7,34,2 years ago
Mehmet Tekman,2721,expert,https://www.kaggle.com/mehmetlaudatekman,0,0,6,34,2 years ago
mao-stack,2722,expert,https://www.kaggle.com/maostack,0,1,6,34,2 years ago
Ozan GÜNER,2723,expert,https://www.kaggle.com/oktayozangner,0,2,3,34,2 years ago
Vikas Sharma,2724,expert,https://www.kaggle.com/vikassharma12911,0,0,8,34,2 years ago
hyewon328,2725,expert,https://www.kaggle.com/hyewon328,0,1,4,34,2 years ago
Rutuja Vaidya,2726,expert,https://www.kaggle.com/rutujavaidya,0,1,5,34,2 years ago
Balamurugan1603,2727,expert,https://www.kaggle.com/balamurugan1603,0,0,6,34,2 years ago
Anirban Sarkar,2728,expert,https://www.kaggle.com/anirbansarkar823,0,0,5,34,2 years ago
Aminah Nurrahmawati,2729,expert,https://www.kaggle.com/aminahnurrahmawati,0,0,5,34,2 years ago
Shawkat Sujon,2730,expert,https://www.kaggle.com/shawkatsujon,0,0,5,34,a year ago
Parth Sharma,2731,expert,https://www.kaggle.com/par1hsharma,0,0,7,34,a year ago
Farzad Sorouri,2732,expert,https://www.kaggle.com/farzadsorouri,0,0,6,34,a year ago
Ahmed Hany,2733,expert,https://www.kaggle.com/ahmedhany590,0,0,6,34,7 months ago
CVxTz,2734,expert,https://www.kaggle.com/CVxTz,3,1,7,33,7 years ago
Kevin Arvai,2735,expert,https://www.kaggle.com/kevinarvai,1,3,1,33,7 years ago
Anubhav Dhiman,2736,expert,https://www.kaggle.com/dhimananubhav,0,2,9,33,6 years ago
Bouwe Ceunen,2737,expert,https://www.kaggle.com/bouweceunen,0,0,8,33,6 years ago
Артём,2738,expert,https://www.kaggle.com/myonin,1,0,4,33,6 years ago
Mengfei Li,2739,expert,https://www.kaggle.com/meli19,0,1,6,33,6 years ago
Diganto,2740,expert,https://www.kaggle.com/dignil,0,2,4,33,5 years ago
Alice Adativa,2741,expert,https://www.kaggle.com/aliceadativa,0,1,5,33,5 years ago
Mustafa Fatakdawala,2742,expert,https://www.kaggle.com/mastmustu,0,0,10,33,4 years ago
XingJian Lyu,2743,expert,https://www.kaggle.com/roguekk007,0,2,3,33,4 years ago
Sathish Kumar S,2744,expert,https://www.kaggle.com/ssathishkumar,0,2,4,33,4 years ago
Rakesh Jarupula,2745,expert,https://www.kaggle.com/jarupula,0,0,7,33,4 years ago
Ravindu Thaveesha,2746,expert,https://www.kaggle.com/casper06,0,0,7,33,4 years ago
Bonhart,2747,expert,https://www.kaggle.com/bonhart,0,2,5,33,4 years ago
KSurendra,2748,expert,https://www.kaggle.com/surendra01,0,0,5,33,4 years ago
catherine,2749,expert,https://www.kaggle.com/ptfrwrd,0,3,4,33,3 years ago
Harison Mwangi,2750,expert,https://www.kaggle.com/harisonmwangi,0,0,5,33,3 years ago
Abdül MERAL,2751,expert,https://www.kaggle.com/abdulmeral,0,1,10,33,3 years ago
Sahid Velji,2752,expert,https://www.kaggle.com/sahidvelji,1,1,5,33,3 years ago
Sivant M,2753,expert,https://www.kaggle.com/sivantm,0,0,5,33,3 years ago
Anany Sharma,2754,expert,https://www.kaggle.com/ananysharma,0,1,10,33,3 years ago
Noura Abdelhafez,2755,expert,https://www.kaggle.com/nourajo,0,0,5,33,3 years ago
Ransaka Ravihara,2756,expert,https://www.kaggle.com/ransakaravihara,0,0,5,33,3 years ago
Kutay Kutlu,2757,expert,https://www.kaggle.com/kutaykutlu,0,1,4,33,3 years ago
Alankrita Mishra,2758,expert,https://www.kaggle.com/alankritamishra,0,4,1,33,2 years ago
Arun P R,2759,expert,https://www.kaggle.com/arunprathap,1,0,6,33,2 years ago
Nattarach Larptaweepornsup,2760,expert,https://www.kaggle.com/risenattarach,0,1,5,33,2 years ago
Usman Afridi,2761,expert,https://www.kaggle.com/usmanafridi1,0,0,5,33,2 years ago
Alaa Eddine Ben Zekri,2762,expert,https://www.kaggle.com/alaaeddinebenzekri,0,0,5,33,2 years ago
Ankur Limbashia,2763,expert,https://www.kaggle.com/ankurlimbashia,0,1,4,33,2 years ago
Luong Duong Minh,2764,expert,https://www.kaggle.com/luongduongminh,0,1,4,33,2 years ago
Ekrem Serdar Ozturk,2765,expert,https://www.kaggle.com/ekremzturk,0,0,5,33,2 years ago
Ali Derakhshesh,2766,expert,https://www.kaggle.com/aliderakhshesh,0,0,5,33,2 years ago
Dnyaneshwari Chaudhari,2767,expert,https://www.kaggle.com/shama123,0,2,3,33,2 years ago
Tanusha Gupta,2768,expert,https://www.kaggle.com/tanushagupta,0,1,4,33,2 years ago
Mustafa <Mu>,2769,expert,https://www.kaggle.com/mustafamu,0,0,5,33,2 years ago
Shinichi Oto,2770,expert,https://www.kaggle.com/shinichioto,0,0,7,33,2 years ago
Hellkit,2771,expert,https://www.kaggle.com/nikitasenpai,0,1,6,33,2 years ago
k589k589,2772,expert,https://www.kaggle.com/k589k589,0,0,6,33,a year ago
Vaishnavi-Dixit-12,2773,expert,https://www.kaggle.com/vaishnavidixit12,0,0,6,33,a year ago
Vivek,2774,expert,https://www.kaggle.com/rigeltal,0,1,4,33,a year ago
Bhavya Malik,2775,expert,https://www.kaggle.com/bhavyamalikk,0,0,5,33,a year ago
Arman Akbari,2776,expert,https://www.kaggle.com/armanakbari,0,1,4,33,a year ago
Neslihan Yetik,2777,expert,https://www.kaggle.com/neslihanyetik,0,0,6,33,a year ago
shashimo,2778,expert,https://www.kaggle.com/shashimo,0,0,6,33,a year ago
Didem Erkan,2779,expert,https://www.kaggle.com/didemerkan,0,0,5,33,a year ago
Naoki Sugimura,2780,expert,https://www.kaggle.com/naokisugimura,0,0,5,33,a year ago
Shashwat Sachan,2781,expert,https://www.kaggle.com/shashwatsachan,0,0,6,33,a year ago
William Hyun,2782,expert,https://www.kaggle.com/williamhyun,0,0,5,33,10 months ago
Μαριος Μιχαηλιδης KazAnova,2783,expert,https://www.kaggle.com/kazanova,1,0,7,32,9 years ago
Gokagglers,2784,expert,https://www.kaggle.com/loveall,0,0,8,32,9 years ago
AiswaryaRamachandran,2785,expert,https://www.kaggle.com/aiswaryaramachandran,1,0,5,32,7 years ago
Motaz Saad,2786,expert,https://www.kaggle.com/mksaad,0,0,7,32,6 years ago
Kraggle,2787,expert,https://www.kaggle.com/jcraggy,0,0,6,32,6 years ago
Jack McDonald,2788,expert,https://www.kaggle.com/cascadinglight,0,1,4,32,5 years ago
Mhamed Jabri,2789,expert,https://www.kaggle.com/mhajabri,2,3,1,32,5 years ago
Felipe Bivort Haiek,2790,expert,https://www.kaggle.com/felipebihaiek,0,2,5,32,5 years ago
Muhammad Suleman Tunio,2791,expert,https://www.kaggle.com/tuniosuleman,0,0,7,32,5 years ago
Grecnik,2792,expert,https://www.kaggle.com/nikitagrec,0,3,14,32,5 years ago
Hitesh Gorana,2793,expert,https://www.kaggle.com/coolcoder22,1,4,3,32,5 years ago
Alexander Andreev,2794,expert,https://www.kaggle.com/alex97andreev,0,0,5,32,5 years ago
Komal Khetlani,2795,expert,https://www.kaggle.com/komalkhetlani,0,1,7,32,4 years ago
U.takahiro,2796,expert,https://www.kaggle.com/takahiro1127,1,0,5,32,4 years ago
Ravi Shukla,2797,expert,https://www.kaggle.com/raviista,0,0,5,32,4 years ago
podsyp,2798,expert,https://www.kaggle.com/podsyp,0,2,10,32,4 years ago
Houssem,2799,expert,https://www.kaggle.com/houssemayed,0,0,9,32,4 years ago
Sukesh Perla,2800,expert,https://www.kaggle.com/sukeshtech17,0,0,5,32,4 years ago
Krishna Chaitanya,2801,expert,https://www.kaggle.com/krsna540,0,0,7,32,4 years ago
Jaswinder Singh,2802,expert,https://www.kaggle.com/jassican,0,3,5,32,3 years ago
Elvin Aghammadzada,2803,expert,https://www.kaggle.com/elvinagammed,0,0,9,32,3 years ago
Inzamam Safi,2804,expert,https://www.kaggle.com/inzamamsafi,0,0,7,32,3 years ago
Alif Rahman,2805,expert,https://www.kaggle.com/alifrahman,0,2,6,32,3 years ago
saotome,2806,expert,https://www.kaggle.com/saotome,0,0,6,32,3 years ago
Abhishek Jaiswal,2807,expert,https://www.kaggle.com/preatcher,0,0,5,32,2 years ago
Ran.Kirsh,2808,expert,https://www.kaggle.com/rankirsh,0,1,5,32,2 years ago
BHAVISH SALIA,2809,expert,https://www.kaggle.com/bhavishsalia,0,1,4,32,2 years ago
Twarit Shah,2810,expert,https://www.kaggle.com/twaritshah,0,0,8,32,2 years ago
Syed Haider Zaidi,2811,expert,https://www.kaggle.com/syedhaideralizaidi,0,0,6,32,2 years ago
Ashish Kumar,2812,expert,https://www.kaggle.com/ashishkumarbehera,0,1,5,32,2 years ago
sneha k b,2813,expert,https://www.kaggle.com/snehakbiju,0,0,5,32,2 years ago
Chanon Charuchinda,2814,expert,https://www.kaggle.com/chanoncharuchinda,0,0,6,32,2 years ago
Moazzim Ali Bhatti,2815,expert,https://www.kaggle.com/moazzimalibhatti,0,0,5,32,2 years ago
Ibtehaj Khan,2816,expert,https://www.kaggle.com/ibtehajkhan,0,0,5,32,2 years ago
Tasneem Abdul Rahim,2817,expert,https://www.kaggle.com/tasneemabdulrahim,0,0,11,32,2 years ago
Sharanya Mukherjee,2818,expert,https://www.kaggle.com/sharanya02,0,1,4,32,2 years ago
The Mike Jones,2819,expert,https://www.kaggle.com/themikejones,0,1,5,32,2 years ago
Mohammad Shafiee,2820,expert,https://www.kaggle.com/mohammadshafiee96,0,0,7,32,a year ago
Satoshi-MTS,2821,expert,https://www.kaggle.com/satoshimts,0,1,4,32,a year ago
Nesterenko Marina,2822,expert,https://www.kaggle.com/nesterenkomarina,0,0,5,32,a year ago
Venmani A D,2823,expert,https://www.kaggle.com/oddasparagus11,0,0,6,32,a year ago
Gray_Star,2824,expert,https://www.kaggle.com/graystar,0,0,5,32,a year ago
jejukwon,2825,expert,https://www.kaggle.com/jejukwon,0,1,4,32,a year ago
Santiago Mota,2826,expert,https://www.kaggle.com/santiagomota,0,0,6,31,10 years ago
Faron,2827,expert,https://www.kaggle.com/mmueller,3,4,2,31,8 years ago
Costas Voglis,2828,expert,https://www.kaggle.com/voglinio,2,3,7,31,8 years ago
Ehsan,2829,expert,https://www.kaggle.com/safavieh,0,3,5,31,6 years ago
DSangeetha,2830,expert,https://www.kaggle.com/devisangeetha,0,9,30,31,6 years ago
nachiket273,2831,expert,https://www.kaggle.com/nachiket273,0,1,6,31,6 years ago
Peter Grenholm,2832,expert,https://www.kaggle.com/toregil,1,1,4,31,6 years ago
Tolga Kurtuluş,2833,expert,https://www.kaggle.com/tolgakurtulus,0,0,5,31,6 years ago
Wesam Elshamy,2834,expert,https://www.kaggle.com/wesamelshamy,2,4,5,31,6 years ago
Sadhaklal,2835,expert,https://www.kaggle.com/sambitmukherjee,0,1,8,31,5 years ago
Sarthak Singh,2836,expert,https://www.kaggle.com/asarthaks,0,0,5,31,5 years ago
Bhavika,2837,expert,https://www.kaggle.com/bhavikapanara,1,2,5,31,5 years ago
Volodymyr,2838,expert,https://www.kaggle.com/vladimirsydor,0,2,6,31,5 years ago
BenFraser,2839,expert,https://www.kaggle.com/benfraser,0,2,5,31,5 years ago
Sanjaya,2840,expert,https://www.kaggle.com/sanjayar,0,4,3,31,4 years ago
Kushal Bhavsar,2841,expert,https://www.kaggle.com/spidy20,0,2,12,31,4 years ago
Aditya Baurai,2842,expert,https://www.kaggle.com/fireheart7,0,2,9,31,4 years ago
Claudio Collado,2843,expert,https://www.kaggle.com/ccollado7,0,1,5,31,3 years ago
Tsai29,2844,expert,https://www.kaggle.com/xiejialun,0,3,7,31,3 years ago
Taher Haggui,2845,expert,https://www.kaggle.com/taherhaggui,0,2,3,31,3 years ago
Tasnim Nishat Islam,2846,expert,https://www.kaggle.com/tasnimnishatislam,0,0,9,31,3 years ago
Mohit Sahal,2847,expert,https://www.kaggle.com/mohitsahal,0,0,5,31,3 years ago
leo,2848,expert,https://www.kaggle.com/calibrator,0,1,4,31,3 years ago
amir konjkav,2849,expert,https://www.kaggle.com/amirkonjkav,0,0,5,31,3 years ago
Oleh Komenchuk,2850,expert,https://www.kaggle.com/olegkomenchuk,0,0,5,31,3 years ago
Manan Jhaveri,2851,expert,https://www.kaggle.com/mananjhaveri,0,0,7,31,3 years ago
Kirill Klyukvin,2852,expert,https://www.kaggle.com/kirillklyukvin,1,0,6,31,3 years ago
Jai Ganesh Nagidi,2853,expert,https://www.kaggle.com/jaiganeshnagidi,0,3,4,31,3 years ago
Himanshu,2854,expert,https://www.kaggle.com/himanshu007121,0,0,5,31,3 years ago
MohanDeep,2855,expert,https://www.kaggle.com/mohandeep20,0,1,6,31,3 years ago
Alper Endeş,2856,expert,https://www.kaggle.com/alperendes,0,0,8,31,2 years ago
Gokul Prakash P,2857,expert,https://www.kaggle.com/gokulprakash22,0,5,0,31,2 years ago
Akshit Madan,2858,expert,https://www.kaggle.com/akshitmadan,0,0,5,31,2 years ago
Alik Mondal,2859,expert,https://www.kaggle.com/alikmondal,0,0,6,31,2 years ago
Saumya,2860,expert,https://www.kaggle.com/saumya5679,0,0,6,31,2 years ago
Gopal Joshi,2861,expert,https://www.kaggle.com/gopalj,0,1,4,31,2 years ago
Sofia Abi Elmi,2862,expert,https://www.kaggle.com/sofiaabielmi,0,0,5,31,2 years ago
Hugo,2863,expert,https://www.kaggle.com/hugolearn,0,0,5,31,a year ago
